"Player: Player3","Decision: {'action': 'pass'}","Type: Action","Round: 1","CurrentStep: morning"
"eventRoll: Referral","Decision: {'action': 'pass'}","CurrentStep: evening","Player: Player3","Type: Action","Round: 1"
"JobFireCounts: {}","Partners: []","NeedMods: {}","Jobs: []","TrustTokens: 3","PartnerPassCounts: {}","Money: 3","Hobbies: []","Children: []","SkillMods: {u'Analytical': 0, u'Creative': 0, u'Confidence': 0, u'Empathy': 0, u'Physical': 0}","Step: night","Points: 0","PlayerCode: Player3","Time: 0","JobPayMods: {}","PartnerSkillMods: {}","JobSkillMods: {}","Type: GameState","Round: 1","JobPassCounts: {}","PartnerFireCounts: {}"
"Player: Player3","Decision: {'action': 'pass'}","Type: Action","Round: 1","CurrentStep: night"
"Player: Player3","Decision: {'action': 'pass'}","Type: Action","Round: 2","CurrentStep: morning"
"eventRoll: JobCheckIn","Decision: {'action': 'hobbySearch'}","CurrentStep: evening","Decision2: {'action': 'pass'}","Player: Player3","Type: Action","Round: 2"
"JobFireCounts: {}","Partners: []","NeedMods: {}","Jobs: []","TrustTokens: 3","PartnerPassCounts: {}","Money: 3","Hobbies: []","Children: []","SkillMods: {u'Analytical': 0, u'Creative': 0, u'Confidence': 0, u'Empathy': 0, u'Physical': 0}","Step: night","Points: 0","PlayerCode: Player3","Time: 0","JobPayMods: {}","PartnerSkillMods: {}","JobSkillMods: {}","Type: GameState","Round: 2","JobPassCounts: {}","PartnerFireCounts: {}"
"Player: Player3","Decision: {'action': 'pass'}","Type: Action","Round: 2","CurrentStep: night"
"Player: Player3","Decision: {'action': 'pass'}","Type: Action","Round: 3","CurrentStep: morning"
"eventRoll: RelationshipCheckIn","Decision: {'action': 'pass'}","CurrentStep: evening","Player: Player3","Type: Action","Round: 3"
"JobFireCounts: {}","Partners: []","NeedMods: {}","Jobs: []","TrustTokens: 3","PartnerPassCounts: {}","Money: 3","Hobbies: []","Children: []","SkillMods: {u'Analytical': 0, u'Creative': 0, u'Confidence': 0, u'Empathy': 0, u'Physical': 0}","Step: night","Points: 0","PlayerCode: Player3","Time: 0","JobPayMods: {}","PartnerSkillMods: {}","JobSkillMods: {}","Type: GameState","Round: 3","JobPassCounts: {}","PartnerFireCounts: {}"
"Player: Player3","Decision: {'action': 'pass'}","Type: Action","Round: 3","CurrentStep: night"
"Player: Player3","Decision: {'action': 'pass'}","Type: Action","Round: 4","CurrentStep: morning"
"eventRoll: RelationshipCheckIn","Decision: {'action': 'hobbySearch'}","CurrentStep: evening","Decision2: {'action': 'pass'}","Player: Player3","Type: Action","Round: 4"
"JobFireCounts: {}","Partners: []","NeedMods: {}","Jobs: []","TrustTokens: 3","PartnerPassCounts: {}","Money: 3","Hobbies: []","Children: []","SkillMods: {u'Analytical': 0, u'Creative': 0, u'Confidence': 0, u'Empathy': 0, u'Physical': 0}","Step: night","Points: 0","PlayerCode: Player3","Time: 0","JobPayMods: {}","PartnerSkillMods: {}","JobSkillMods: {}","Type: GameState","Round: 4","JobPassCounts: {}","PartnerFireCounts: {}"
"Player: Player3","Decision: {'action': 'pass'}","Type: Action","Round: 4","CurrentStep: night"
"Player: Player3","Decision: {'action': 'pass'}","Type: Action","Round: 5","CurrentStep: morning"
"eventRoll: RelationshipCheckIn","Decision: {'action': 'pass'}","CurrentStep: evening","Player: Player3","Type: Action","Round: 5"
"JobFireCounts: {}","Partners: []","NeedMods: {}","Jobs: []","TrustTokens: 3","PartnerPassCounts: {}","Money: 3","Hobbies: []","Children: []","SkillMods: {u'Analytical': 0, u'Creative': 0, u'Confidence': 0, u'Empathy': 0, u'Physical': 0}","Step: night","Points: 0","PlayerCode: Player3","Time: 0","JobPayMods: {}","PartnerSkillMods: {}","JobSkillMods: {}","Type: GameState","Round: 5","JobPassCounts: {}","PartnerFireCounts: {}"
"Player: Player3","Decision: {'action': 'pass'}","Type: Action","Round: 5","CurrentStep: night"
"Player: Player3","Decision: {'action': 'pass'}","Type: Action","Round: 6","CurrentStep: morning"
"eventRoll: JobCheckIn","Decision: {'action': 'hobbySearch'}","CurrentStep: evening","Decision2: {'action': 'addHobby', 'hobbyCard': <__main__.HobbyCard object at 0x02496D70>}","Player: Player3","Type: Action","Round: 6"
"JobFireCounts: {}","Partners: []","NeedMods: {}","Jobs: []","TrustTokens: 3","PartnerPassCounts: {}","Money: 3","Hobbies: [u'Yoga']","Children: []","SkillMods: {u'Analytical': 0, u'Creative': 0, u'Confidence': 0, u'Empathy': 0, u'Physical': 0}","Step: night","Points: 1","PlayerCode: Player3","Time: 2","JobPayMods: {}","PartnerSkillMods: {}","JobSkillMods: {}","Type: GameState","Round: 6","JobPassCounts: {}","PartnerFireCounts: {}"
"Player: Player3","Decision: {'action': 'pass'}","Type: Action","Round: 6","CurrentStep: night"
"Player: Player3","Decision: {'action': 'pass'}","Type: Action","Round: 7","CurrentStep: morning"
"eventRoll: JobCheckIn","Decision: {'action': 'jobSearch'}","jobCheckRes: WaitStaff - exceed","CurrentStep: evening","Decision2: {'action': 'addJob', 'jobCard': <__main__.JobCard object at 0x024AADD0>}","Player: Player3","jobPayIncrease: WaitStaff","Type: Action","Round: 7"
"JobFireCounts: {}","Partners: []","NeedMods: {}","Jobs: [u'WaitStaff']","TrustTokens: 3","PartnerPassCounts: {}","Money: 6","Hobbies: []","Children: []","SkillMods: {u'Analytical': 0, u'Creative': 0, u'Confidence': 0, u'Empathy': 0, u'Physical': 0}","Step: night","Points: 1","PlayerCode: Player3","Time: 2","JobPayMods: {u'WaitStaff': 1}","PartnerSkillMods: {}","JobSkillMods: {}","Type: GameState","Round: 7","JobPassCounts: {u'WaitStaff': 1}","PartnerFireCounts: {}"
"Player: Player3","Decision: {'action': 'quitHobby', 'hobbyCard': u'Yoga'}","Type: Action","Round: 7","CurrentStep: night"
"Player: Player3","Decision: {'action': 'pass'}","Type: Action","Round: 8","CurrentStep: morning"
"eventRoll: FriendFight","Decision: {'action': 'hobbySearch'}","CurrentStep: evening","Decision2: {'action': 'pass'}","Player: Player3","Type: Action","Round: 8"
"JobFireCounts: {}","Partners: []","NeedMods: {}","Jobs: [u'WaitStaff']","TrustTokens: 2","PartnerPassCounts: {}","Money: 9","Hobbies: []","Children: []","SkillMods: {u'Analytical': 0, u'Creative': 0, u'Confidence': 0, u'Empathy': 0, u'Physical': 0}","Step: night","Points: 2","PlayerCode: Player3","Time: 2","JobPayMods: {u'WaitStaff': 1}","PartnerSkillMods: {}","JobSkillMods: {}","Type: GameState","Round: 8","JobPassCounts: {u'WaitStaff': 1}","PartnerFireCounts: {}"
"Player: Player3","Decision: {'action': 'pass'}","Type: Action","Round: 8","CurrentStep: night"
"Player: Player3","Decision: {'action': 'pass'}","Type: Action","Round: 9","CurrentStep: morning"
"eventRoll: JobCheckIn","Decision: {'action': 'jobSearch'}","jobCheckRes: WaitStaff - exceed","CurrentStep: evening","Decision2: {'action': 'pass'}","Player: Player3","jobPayIncrease: WaitStaff","Type: Action","Round: 9"
"JobFireCounts: {}","Partners: []","NeedMods: {}","Jobs: [u'WaitStaff']","TrustTokens: 2","PartnerPassCounts: {}","Money: 13","Hobbies: []","Children: []","SkillMods: {u'Analytical': 0, u'Creative': 0, u'Confidence': 0, u'Empathy': 0, u'Physical': 0}","Step: night","Points: 2","PlayerCode: Player3","Time: 2","JobPayMods: {u'WaitStaff': 2}","PartnerSkillMods: {}","JobSkillMods: {}","Type: GameState","Round: 9","JobPassCounts: {u'WaitStaff': 2}","PartnerFireCounts: {}"
"Player: Player3","Decision: {'action': 'pass'}","Type: Action","Round: 9","CurrentStep: night"
"Player: Player3","Decision: {'action': 'pass'}","Type: Action","Round: 10","CurrentStep: morning"
"eventRoll: StatMinus","Decision: {'action': 'hobbySearch'}","CurrentStep: evening","Decision2: {'action': 'addHobby', 'hobbyCard': <__main__.HobbyCard object at 0x024A4110>}","Player: Player3","Type: Action","Round: 10"
"JobFireCounts: {}","Partners: []","NeedMods: {}","Jobs: [u'WaitStaff']","TrustTokens: 2","PartnerPassCounts: {}","Money: 17","Hobbies: [u'BarHopping']","Children: []","SkillMods: {u'Analytical': 0, u'Creative': 0, u'Confidence': 0, u'Empathy': 0, u'Physical': 0}","Step: night","Points: 4","PlayerCode: Player3","Time: 4","JobPayMods: {u'WaitStaff': 2}","PartnerSkillMods: {}","JobSkillMods: {}","Type: GameState","Round: 10","JobPassCounts: {u'WaitStaff': 2}","PartnerFireCounts: {}"
"Player: Player3","Decision: {'action': 'pass'}","Type: Action","Round: 10","CurrentStep: night"
"Player: Player3","Decision: {'action': 'pass'}","Type: Action","Round: 11","CurrentStep: morning"
"eventRoll: PartnerSkillIncrease","Decision: {'action': 'pass'}","CurrentStep: evening","Player: Player3","Type: Action","Round: 11"
"JobFireCounts: {}","Partners: []","NeedMods: {}","Jobs: []","TrustTokens: 2","PartnerPassCounts: {}","Money: 17","Hobbies: [u'BarHopping']","Children: []","SkillMods: {u'Analytical': 0, u'Creative': 0, u'Confidence': 0, u'Empathy': 0, u'Physical': 0}","Step: night","Points: 3","PlayerCode: Player3","Time: 2","JobPayMods: {u'WaitStaff': 0}","PartnerSkillMods: {}","JobSkillMods: {}","Type: GameState","Round: 11","JobPassCounts: {u'WaitStaff': 2}","PartnerFireCounts: {}"
"Player: Player3","Decision: {'action': 'quitJob', 'jobCard': u'WaitStaff'}","Type: Action","Round: 11","CurrentStep: night"
"Player: Player3","Decision: {'action': 'pass'}","Type: Action","Round: 12","CurrentStep: morning"
"eventRoll: RelativeDeath","Decision: {'action': 'jobSearch'}","CurrentStep: evening","Decision2: {'action': 'pass'}","Player: Player3","Type: Action","Round: 12"
"JobFireCounts: {}","Partners: []","NeedMods: {}","Jobs: []","TrustTokens: 2","PartnerPassCounts: {}","Money: 17","Hobbies: []","Children: []","SkillMods: {u'Analytical': 0, u'Creative': 0, u'Confidence': 0, u'Empathy': 0, u'Physical': 0}","Step: night","Points: 1","PlayerCode: Player3","Time: 0","JobPayMods: {u'WaitStaff': 0}","PartnerSkillMods: {}","JobSkillMods: {}","Type: GameState","Round: 12","JobPassCounts: {u'WaitStaff': 2}","PartnerFireCounts: {}"
"Player: Player3","Decision: {'action': 'quitHobby', 'hobbyCard': u'BarHopping'}","Type: Action","Round: 12","CurrentStep: night"
"Player: Player3","Decision: {'action': 'pass'}","Type: Action","Round: 13","CurrentStep: morning"
"eventRoll: RelativeDeath","Decision: {'action': 'jobSearch'}","CurrentStep: evening","Decision2: {'action': 'addJob', 'jobCard': <__main__.JobCard object at 0x024AF1D0>}","Player: Player3","Type: Action","Round: 13"
"JobFireCounts: {}","Partners: []","NeedMods: {}","Jobs: [u'Professor']","TrustTokens: 2","PartnerPassCounts: {}","Money: 21","Hobbies: []","Children: []","SkillMods: {u'Analytical': 0, u'Creative': 0, u'Confidence': 0, u'Empathy': 0, u'Physical': 0}","Step: night","Points: 1","PlayerCode: Player3","Time: 2","JobPayMods: {u'WaitStaff': 0}","PartnerSkillMods: {}","JobSkillMods: {}","Type: GameState","Round: 13","JobPassCounts: {u'WaitStaff': 2}","PartnerFireCounts: {}"
"Player: Player3","Decision: {'action': 'pass'}","Type: Action","Round: 13","CurrentStep: night"
"Player: Player3","Decision: {'action': 'pass'}","Type: Action","Round: 14","CurrentStep: morning"
"eventRoll: JobCheckIn","Decision: {'action': 'jobSearch'}","jobCheckRes: Programmer - fail","CurrentStep: evening","Decision2: {'action': 'addJob', 'jobCard': <__main__.JobCard object at 0x024AAEB0>}","Player: Player3","firedFromJob: Programmer","Type: Action","Round: 14"
"Partners: []","TrustTokens: 2","PartnerPassCounts: {}","PartnerSkillMods: {}","Type: GameState","Jobs: [u'Professor']","Step: night","PlayerCode: Player3","JobSkillMods: {}","PartnerFireCounts: {}","NeedMods: {}","JobFireCounts: {}","Points: 1","Time: 2","JobPassCounts: {u'WaitStaff': 2}","Round: 14","Money: 25","JobFireCount_Programmer: 1","SkillMods: {u'Analytical': 0, u'Creative': 0, u'Confidence': 0, u'Empathy': 0, u'Physical': 0}","Hobbies: []","JobPayMods: {u'WaitStaff': 0}","Children: []"
"Player: Player3","Decision: {'action': 'pass'}","Type: Action","Round: 14","CurrentStep: night"
"Player: Player3","Decision: {'action': 'pass'}","Type: Action","Round: 15","CurrentStep: morning"
"eventRoll: RelationshipCheckIn","Decision: {'action': 'hobbySearch'}","CurrentStep: evening","Decision2: {'action': 'addHobby', 'hobbyCard': <__main__.HobbyCard object at 0x024A42D0>}","Player: Player3","Type: Action","Round: 15"
"Partners: []","TrustTokens: 2","PartnerPassCounts: {}","PartnerSkillMods: {}","Type: GameState","Jobs: [u'Professor']","Step: night","PlayerCode: Player3","JobSkillMods: {}","PartnerFireCounts: {}","NeedMods: {}","JobFireCounts: {}","Points: 1","Time: 4","JobPassCounts: {u'WaitStaff': 2}","Round: 15","Money: 29","JobFireCount_Programmer: 1","SkillMods: {u'Analytical': 0, u'Creative': 0, u'Confidence': 0, u'Empathy': 0, u'Physical': 0}","Hobbies: [u'Acting']","JobPayMods: {u'WaitStaff': 0}","Children: []"
"Player: Player3","Decision: {'action': 'pass'}","Type: Action","Round: 15","CurrentStep: night"
"Player: Player3","Decision: {'action': 'pass'}","Type: Action","Round: 16","CurrentStep: morning"
"eventRoll: StatMinus","Decision: {'action': 'pass'}","CurrentStep: evening","Player: Player3","Type: Action","Round: 16"
"Partners: []","TrustTokens: 2","PartnerPassCounts: {}","PartnerSkillMods: {}","Type: GameState","Jobs: [u'Professor']","Step: night","PlayerCode: Player3","JobSkillMods: {}","PartnerFireCounts: {}","NeedMods: {}","JobFireCounts: {}","Points: 1","Time: 2","JobPassCounts: {u'WaitStaff': 2}","Round: 16","Money: 33","JobFireCount_Programmer: 1","SkillMods: {u'Analytical': 0, u'Creative': 0, u'Confidence': 0, u'Empathy': 0, u'Physical': 0}","Hobbies: []","JobPayMods: {u'WaitStaff': 0}","Children: []"
"Player: Player3","Decision: {'action': 'quitHobby', 'hobbyCard': u'Acting'}","Type: Action","Round: 16","CurrentStep: night"
"Player: Player3","Decision: {'action': 'pass'}","Type: Action","Round: 17","CurrentStep: morning"
"eventRoll: RelativeDeath","Decision: {'action': 'pass'}","CurrentStep: evening","Player: Player3","Type: Action","Round: 17"
"Partners: []","TrustTokens: 2","PartnerPassCounts: {}","PartnerSkillMods: {}","Type: GameState","Jobs: []","Step: night","PlayerCode: Player3","JobSkillMods: {}","PartnerFireCounts: {}","NeedMods: {}","JobFireCounts: {}","Points: 1","Time: 0","JobPassCounts: {u'WaitStaff': 2}","Round: 17","Money: 33","JobFireCount_Programmer: 1","SkillMods: {u'Analytical': 0, u'Creative': 0, u'Confidence': 0, u'Empathy': 0, u'Physical': 0}","Hobbies: []","JobPayMods: {u'WaitStaff': 0}","Children: []"
"Player: Player3","Decision: {'action': 'quitJob', 'jobCard': u'Professor'}","Type: Action","Round: 17","CurrentStep: night"
"Player: Player3","Decision: {'action': 'pass'}","Type: Action","Round: 18","CurrentStep: morning"
"eventRoll: FriendFight","Decision: {'action': 'partnerSearch'}","CurrentStep: evening","Decision2: {'action': 'addPartner', 'partnerCard': <__main__.PartnerCard object at 0x024A4CB0>}","Player: Player3","Type: Action","Round: 18"
"Partners: []","TrustTokens: 1","PartnerPassCounts: {}","PartnerSkillMods: {}","Type: GameState","Jobs: []","Step: night","PlayerCode: Player3","JobSkillMods: {}","PartnerFireCounts: {}","NeedMods: {}","JobFireCounts: {}","Points: 1","Time: 0","JobPassCounts: {u'WaitStaff': 2}","Round: 18","Money: 33","JobFireCount_Programmer: 1","SkillMods: {u'Analytical': 0, u'Creative': 0, u'Confidence': 0, u'Empathy': 0, u'Physical': 0}","Hobbies: []","JobPayMods: {u'WaitStaff': 0}","Children: []"
"Player: Player3","Decision: {'action': 'quitPartner', 'partnerCard': u'Rene'}","Type: Action","Round: 18","CurrentStep: night"
"Player: Player3","Decision: {'action': 'pass'}","Type: Action","Round: 19","CurrentStep: morning"
"eventRoll: RelativeDeath","Decision: {'action': 'pass'}","CurrentStep: evening","Player: Player3","Type: Action","Round: 19"
"Partners: []","TrustTokens: 1","PartnerPassCounts: {}","PartnerSkillMods: {}","Type: GameState","Jobs: []","Step: night","PlayerCode: Player3","JobSkillMods: {}","PartnerFireCounts: {}","NeedMods: {}","JobFireCounts: {}","Points: 1","Time: 0","JobPassCounts: {u'WaitStaff': 2}","Round: 19","Money: 33","JobFireCount_Programmer: 1","SkillMods: {u'Analytical': 0, u'Creative': 0, u'Confidence': 0, u'Empathy': 0, u'Physical': 0}","Hobbies: []","JobPayMods: {u'WaitStaff': 0}","Children: []"
"Player: Player3","Decision: {'action': 'pass'}","Type: Action","Round: 19","CurrentStep: night"
"Player: Player3","Decision: {'action': 'pass'}","Type: Action","Round: 20","CurrentStep: morning"
"eventRoll: RollLoan","Decision: {'action': 'jobSearch'}","CurrentStep: evening","Decision2: {'action': 'pass'}","Player: Player3","Type: Action","Round: 20"
"Partners: []","TrustTokens: 1","PartnerPassCounts: {}","PartnerSkillMods: {}","Type: GameState","Jobs: []","Step: night","PlayerCode: Player3","JobSkillMods: {}","PartnerFireCounts: {}","NeedMods: {}","JobFireCounts: {}","Points: 1","Time: 0","JobPassCounts: {u'WaitStaff': 2}","Round: 20","Money: 33","JobFireCount_Programmer: 1","SkillMods: {u'Analytical': 0, u'Creative': 0, u'Confidence': 0, u'Empathy': 0, u'Physical': 0}","Hobbies: []","JobPayMods: {u'WaitStaff': 0}","Children: []"
"Player: Player3","Decision: {'action': 'pass'}","Type: Action","Round: 20","CurrentStep: night"
"Player: Player3","Decision: {'action': 'pass'}","Type: Action","Round: 21","CurrentStep: morning"
"eventRoll: RelationshipCheckIn","Decision: {'action': 'pass'}","CurrentStep: evening","Player: Player3","Type: Action","Round: 21"
"Partners: []","TrustTokens: 1","PartnerPassCounts: {}","PartnerSkillMods: {}","Type: GameState","Jobs: []","Step: night","PlayerCode: Player3","JobSkillMods: {}","PartnerFireCounts: {}","NeedMods: {}","JobFireCounts: {}","Points: 1","Time: 0","JobPassCounts: {u'WaitStaff': 2}","Round: 21","Money: 33","JobFireCount_Programmer: 1","SkillMods: {u'Analytical': 0, u'Creative': 0, u'Confidence': 0, u'Empathy': 0, u'Physical': 0}","Hobbies: []","JobPayMods: {u'WaitStaff': 0}","Children: []"
"Player: Player3","Decision: {'action': 'pass'}","Type: Action","Round: 21","CurrentStep: night"
"Player: Player3","Decision: {'action': 'pass'}","Type: Action","Round: 22","CurrentStep: morning"
"eventRoll: JobSkillIncrease","Decision: {'action': 'jobSearch'}","CurrentStep: evening","Decision2: {'action': 'addJob', 'jobCard': <__main__.JobCard object at 0x024AF370>}","Player: Player3","Type: Action","Round: 22"
"Partners: []","TrustTokens: 1","PartnerPassCounts: {}","PartnerSkillMods: {}","Type: GameState","Jobs: []","Step: night","PlayerCode: Player3","JobSkillMods: {u'SportPlayer': {}}","PartnerFireCounts: {}","NeedMods: {}","JobFireCounts: {}","Points: 1","Time: 0","JobPassCounts: {u'WaitStaff': 2}","Round: 22","Money: 33","JobFireCount_Programmer: 1","SkillMods: {u'Analytical': 0, u'Creative': 0, u'Confidence': 0, u'Empathy': 0, u'Physical': 0}","Hobbies: []","JobPayMods: {u'WaitStaff': 0}","Children: []"
"Player: Player3","Decision: {'action': 'quitJob', 'jobCard': u'SportPlayer'}","Type: Action","Round: 22","CurrentStep: night"
"Player: Player3","Decision: {'action': 'pass'}","Type: Action","Round: 23","CurrentStep: morning"
"eventRoll: UnexpectedChild","Decision: {'action': 'partnerSearch'}","CurrentStep: evening","Decision2: {'action': 'pass'}","Player: Player3","Type: Action","Round: 23"
"Partners: []","TrustTokens: 1","PartnerPassCounts: {}","PartnerSkillMods: {}","Type: GameState","Jobs: []","Step: night","PlayerCode: Player3","JobSkillMods: {u'SportPlayer': {}}","PartnerFireCounts: {}","NeedMods: {}","JobFireCounts: {}","Points: 1","Time: 0","JobPassCounts: {u'WaitStaff': 2}","Round: 23","Money: 33","JobFireCount_Programmer: 1","SkillMods: {u'Analytical': 0, u'Creative': 0, u'Confidence': 0, u'Empathy': 0, u'Physical': 0}","Hobbies: []","JobPayMods: {u'WaitStaff': 0}","Children: []"
"Player: Player3","Decision: {'action': 'pass'}","Type: Action","Round: 23","CurrentStep: night"
"Player: Player3","Decision: {'action': 'pass'}","Type: Action","Round: 24","CurrentStep: morning"
"eventRoll: StatMinus","Decision: {'action': 'jobSearch'}","CurrentStep: evening","Decision2: {'action': 'pass'}","Player: Player3","Type: Action","Round: 24"
"Partners: []","TrustTokens: 1","PartnerPassCounts: {}","PartnerSkillMods: {}","Type: GameState","Jobs: []","Step: night","PlayerCode: Player3","JobSkillMods: {u'SportPlayer': {}}","PartnerFireCounts: {}","NeedMods: {}","JobFireCounts: {}","Points: 1","Time: 0","JobPassCounts: {u'WaitStaff': 2}","Round: 24","Money: 33","JobFireCount_Programmer: 1","SkillMods: {u'Analytical': 0, u'Creative': 0, u'Confidence': 0, u'Empathy': 0, u'Physical': 0}","Hobbies: []","JobPayMods: {u'WaitStaff': 0}","Children: []"
"Player: Player3","Decision: {'action': 'pass'}","Type: Action","Round: 24","CurrentStep: night"
"Player: Player3","Decision: {'action': 'pass'}","Type: Action","Round: 25","CurrentStep: morning"
"eventRoll: UnexpectedChild","Decision: {'action': 'pass'}","CurrentStep: evening","Player: Player3","Type: Action","Round: 25"
"Partners: []","TrustTokens: 1","PartnerPassCounts: {}","PartnerSkillMods: {}","Type: GameState","Jobs: []","Step: night","PlayerCode: Player3","JobSkillMods: {u'SportPlayer': {}}","PartnerFireCounts: {}","NeedMods: {}","JobFireCounts: {}","Points: 1","Time: 0","JobPassCounts: {u'WaitStaff': 2}","Round: 25","Money: 33","JobFireCount_Programmer: 1","SkillMods: {u'Analytical': 0, u'Creative': 0, u'Confidence': 0, u'Empathy': 0, u'Physical': 0}","Hobbies: []","JobPayMods: {u'WaitStaff': 0}","Children: []"
"Player: Player3","Decision: {'action': 'pass'}","Type: Action","Round: 25","CurrentStep: night"
"Player: Player3","Decision: {'action': 'pass'}","Type: Action","Round: 26","CurrentStep: morning"
"eventRoll: StatMinus","Decision: {'action': 'partnerSearch'}","CurrentStep: evening","Decision2: {'action': 'pass'}","Player: Player3","Type: Action","Round: 26"
"Partners: []","TrustTokens: 1","PartnerPassCounts: {}","PartnerSkillMods: {}","Type: GameState","Jobs: []","Step: night","PlayerCode: Player3","JobSkillMods: {u'SportPlayer': {}}","PartnerFireCounts: {}","NeedMods: {}","JobFireCounts: {}","Points: 1","Time: 0","JobPassCounts: {u'WaitStaff': 2}","Round: 26","Money: 33","JobFireCount_Programmer: 1","SkillMods: {u'Analytical': 0, u'Creative': 0, u'Confidence': 0, u'Empathy': 0, u'Physical': 0}","Hobbies: []","JobPayMods: {u'WaitStaff': 0}","Children: []"
"Player: Player3","Decision: {'action': 'pass'}","Type: Action","Round: 26","CurrentStep: night"
"Player: Player3","Decision: {'action': 'pass'}","Type: Action","Round: 27","CurrentStep: morning"
"eventRoll: JobCheckIn","Decision: {'action': 'jobSearch'}","jobCheckRes: Programmer - fail","CurrentStep: evening","Decision2: {'action': 'addJob', 'jobCard': <__main__.JobCard object at 0x024AAEB0>}","Player: Player3","firedFromJob: Programmer","Type: Action","Round: 27"
"Partners: []","TrustTokens: 1","PartnerPassCounts: {}","PartnerSkillMods: {}","Type: GameState","Jobs: []","Step: night","PlayerCode: Player3","JobSkillMods: {u'SportPlayer': {}}","PartnerFireCounts: {}","NeedMods: {}","JobFireCounts: {}","Points: 1","Time: 0","JobPassCounts: {u'WaitStaff': 2}","Round: 27","Money: 33","JobFireCount_Programmer: 2","SkillMods: {u'Analytical': 0, u'Creative': 0, u'Confidence': 0, u'Empathy': 0, u'Physical': 0}","Hobbies: []","JobPayMods: {u'WaitStaff': 0}","Children: []"
"Player: Player3","Decision: {'action': 'pass'}","Type: Action","Round: 27","CurrentStep: night"
"Player: Player3","Decision: {'action': 'pass'}","Type: Action","Round: 28","CurrentStep: morning"
"eventRoll: RelationshipCheckIn","Decision: {'action': 'pass'}","CurrentStep: evening","Player: Player3","Type: Action","Round: 28"
"Partners: []","TrustTokens: 1","PartnerPassCounts: {}","PartnerSkillMods: {}","Type: GameState","Jobs: []","Step: night","PlayerCode: Player3","JobSkillMods: {u'SportPlayer': {}}","PartnerFireCounts: {}","NeedMods: {}","JobFireCounts: {}","Points: 1","Time: 0","JobPassCounts: {u'WaitStaff': 2}","Round: 28","Money: 33","JobFireCount_Programmer: 2","SkillMods: {u'Analytical': 0, u'Creative': 0, u'Confidence': 0, u'Empathy': 0, u'Physical': 0}","Hobbies: []","JobPayMods: {u'WaitStaff': 0}","Children: []"
"Player: Player3","Decision: {'action': 'pass'}","Type: Action","Round: 28","CurrentStep: night"
"Player: Player3","Decision: {'action': 'pass'}","Type: Action","Round: 29","CurrentStep: morning"
"eventRoll: Nothing","Decision: {'action': 'partnerSearch'}","CurrentStep: evening","Decision2: {'action': 'addPartner', 'partnerCard': <__main__.PartnerCard object at 0x024A4AB0>}","Player: Player3","Type: Action","Round: 29"
"Partners: []","TrustTokens: 1","PartnerPassCounts: {}","PartnerSkillMods: {}","Type: GameState","Jobs: []","Step: night","PlayerCode: Player3","JobSkillMods: {u'SportPlayer': {}}","PartnerFireCounts: {}","NeedMods: {}","JobFireCounts: {}","Points: 1","Time: 0","JobPassCounts: {u'WaitStaff': 2}","Round: 29","Money: 33","JobFireCount_Programmer: 2","SkillMods: {u'Analytical': 0, u'Creative': 0, u'Confidence': 0, u'Empathy': 0, u'Physical': 0}","Hobbies: []","JobPayMods: {u'WaitStaff': 0}","Children: []"
"Player: Player3","Decision: {'action': 'quitPartner', 'partnerCard': u'Sofia'}","Type: Action","Round: 29","CurrentStep: night"
"Player: Player3","Decision: {'action': 'pass'}","Type: Action","Round: 30","CurrentStep: morning"
"eventRoll: PartnerSkillIncrease","Decision: {'action': 'pass'}","CurrentStep: evening","Player: Player3","Type: Action","Round: 30"
"Partners: []","TrustTokens: 1","PartnerPassCounts: {}","PartnerSkillMods: {}","Type: GameState","Jobs: []","Step: night","PlayerCode: Player3","JobSkillMods: {u'SportPlayer': {}}","PartnerFireCounts: {}","NeedMods: {}","JobFireCounts: {}","Points: 1","Time: 0","JobPassCounts: {u'WaitStaff': 2}","Round: 30","Money: 33","JobFireCount_Programmer: 2","SkillMods: {u'Analytical': 0, u'Creative': 0, u'Confidence': 0, u'Empathy': 0, u'Physical': 0}","Hobbies: []","JobPayMods: {u'WaitStaff': 0}","Children: []"
"Player: Player3","Decision: {'action': 'pass'}","Type: Action","Round: 30","CurrentStep: night"
"Player: Player3","Decision: {'action': 'pass'}","Type: Action","Round: 31","CurrentStep: morning"
"eventRoll: UnexpectedChild","Decision: {'action': 'jobSearch'}","CurrentStep: evening","Decision2: {'action': 'addJob', 'jobCard': <__main__.JobCard object at 0x024AAB30>}","Player: Player3","Type: Action","Round: 31"
"Partners: []","TrustTokens: 1","PartnerPassCounts: {}","PartnerSkillMods: {}","Type: GameState","Jobs: [u'Nurse']","Step: night","PlayerCode: Player3","JobSkillMods: {u'SportPlayer': {}}","PartnerFireCounts: {}","NeedMods: {}","JobFireCounts: {}","Points: 1","Time: 2","JobPassCounts: {u'WaitStaff': 2}","Round: 31","Money: 36","JobFireCount_Programmer: 2","SkillMods: {u'Analytical': 0, u'Creative': 0, u'Confidence': 0, u'Empathy': 0, u'Physical': 0}","Hobbies: []","JobPayMods: {u'WaitStaff': 0}","Children: []"
"Player: Player3","Decision: {'action': 'pass'}","Type: Action","Round: 31","CurrentStep: night"
"Player: Player3","Decision: {'action': 'pass'}","Type: Action","Round: 32","CurrentStep: morning"
"eventRoll: JobCheckIn","Decision: {'action': 'jobSearch'}","jobCheckRes: WaitStaff - exceed","CurrentStep: evening","Decision2: {'action': 'addJob', 'jobCard': <__main__.JobCard object at 0x024AADD0>}","Player: Player3","jobPayIncrease: WaitStaff","Type: Action","Round: 32"
"Partners: []","TrustTokens: 1","PartnerPassCounts: {}","PartnerSkillMods: {}","Type: GameState","Jobs: [u'Nurse']","Step: night","PlayerCode: Player3","JobSkillMods: {u'SportPlayer': {}}","PartnerFireCounts: {}","NeedMods: {}","JobFireCounts: {}","Points: 1","Time: 2","JobPassCounts: {u'WaitStaff': 3}","Round: 32","Money: 39","JobFireCount_Programmer: 2","SkillMods: {u'Analytical': 0, u'Creative': 0, u'Confidence': 0, u'Empathy': 0, u'Physical': 0}","Hobbies: []","JobPayMods: {u'WaitStaff': 0}","Children: []"
"Player: Player3","Decision: {'action': 'quitJob', 'jobCard': u'WaitStaff'}","Type: Action","Round: 32","CurrentStep: night"
"Player: Player3","Decision: {'action': 'pass'}","Type: Action","Round: 33","CurrentStep: morning"
"eventRoll: RelationshipCheckIn","Decision: {'action': 'pass'}","CurrentStep: evening","Player: Player3","Type: Action","Round: 33"
"Partners: []","TrustTokens: 1","PartnerPassCounts: {}","PartnerSkillMods: {}","Type: GameState","Jobs: []","Step: night","PlayerCode: Player3","JobSkillMods: {u'SportPlayer': {}}","PartnerFireCounts: {}","NeedMods: {}","JobFireCounts: {}","Points: 1","Time: 0","JobPassCounts: {u'WaitStaff': 3}","Round: 33","Money: 39","JobFireCount_Programmer: 2","SkillMods: {u'Analytical': 0, u'Creative': 0, u'Confidence': 0, u'Empathy': 0, u'Physical': 0}","Hobbies: []","JobPayMods: {u'WaitStaff': 0}","Children: []"
"Player: Player3","Decision: {'action': 'quitJob', 'jobCard': u'Nurse'}","Type: Action","Round: 33","CurrentStep: night"
"Player: Player3","Decision: {'action': 'pass'}","Type: Action","Round: 34","CurrentStep: morning"
"eventRoll: Nothing","Decision: {'action': 'jobSearch'}","CurrentStep: evening","Decision2: {'action': 'addJob', 'jobCard': <__main__.JobCard object at 0x024AF370>}","Player: Player3","Type: Action","Round: 34"
"Partners: []","TrustTokens: 1","PartnerPassCounts: {}","PartnerSkillMods: {}","Type: GameState","Jobs: [u'SportPlayer']","Step: night","PlayerCode: Player3","JobSkillMods: {u'SportPlayer': {}}","PartnerFireCounts: {}","NeedMods: {}","JobFireCounts: {}","Points: 0","Time: 2","JobPassCounts: {u'WaitStaff': 3}","Round: 34","Money: 40","JobFireCount_Programmer: 2","SkillMods: {u'Analytical': 0, u'Creative': 0, u'Confidence': 0, u'Empathy': 0, u'Physical': 0}","Hobbies: []","JobPayMods: {u'WaitStaff': 0}","Children: []"
"Player: Player3","Decision: {'action': 'pass'}","Type: Action","Round: 34","CurrentStep: night"
"Player: Player3","Decision: {'action': 'pass'}","Type: Action","Round: 35","CurrentStep: morning"
"eventRoll: RelationshipCheckIn","Decision: {'action': 'pass'}","CurrentStep: evening","Player: Player3","Type: Action","Round: 35"
"Partners: []","TrustTokens: 1","PartnerPassCounts: {}","PartnerSkillMods: {}","Type: GameState","Jobs: []","Step: night","PlayerCode: Player3","JobSkillMods: {u'SportPlayer': {}}","PartnerFireCounts: {}","NeedMods: {}","JobFireCounts: {}","Points: 1","Time: 0","JobPassCounts: {u'WaitStaff': 3}","Round: 35","Money: 40","JobFireCount_Programmer: 2","SkillMods: {u'Analytical': 0, u'Creative': 0, u'Confidence': 0, u'Empathy': 0, u'Physical': 0}","Hobbies: []","JobPayMods: {u'WaitStaff': 0}","Children: []"
"Player: Player3","Decision: {'action': 'quitJob', 'jobCard': u'SportPlayer'}","Type: Action","Round: 35","CurrentStep: night"
"Player: Player3","Decision: {'action': 'pass'}","Type: Action","Round: 36","CurrentStep: morning"
"eventRoll: Nothing","Decision: {'action': 'jobSearch'}","CurrentStep: evening","Decision2: {'action': 'pass'}","Player: Player3","Type: Action","Round: 36"
"Partners: []","TrustTokens: 1","PartnerPassCounts: {}","PartnerSkillMods: {}","Type: GameState","Jobs: []","Step: night","PlayerCode: Player3","JobSkillMods: {u'SportPlayer': {}}","PartnerFireCounts: {}","NeedMods: {}","JobFireCounts: {}","Points: 1","Time: 0","JobPassCounts: {u'WaitStaff': 3}","Round: 36","Money: 40","JobFireCount_Programmer: 2","SkillMods: {u'Analytical': 0, u'Creative': 0, u'Confidence': 0, u'Empathy': 0, u'Physical': 0}","Hobbies: []","JobPayMods: {u'WaitStaff': 0}","Children: []"
"Player: Player3","Decision: {'action': 'pass'}","Type: Action","Round: 36","CurrentStep: night"
"Player: Player3","Decision: {'action': 'pass'}","Type: Action","Round: 37","CurrentStep: morning"
"eventRoll: JobSkillIncrease","Decision: {'action': 'jobSearch'}","CurrentStep: evening","Decision2: {'action': 'addJob', 'jobCard': <__main__.JobCard object at 0x024AAEB0>}","Player: Player3","Type: Action","Round: 37"
"Partners: []","TrustTokens: 1","PartnerPassCounts: {}","PartnerSkillMods: {}","Type: GameState","Jobs: [u'Programmer']","Step: night","PlayerCode: Player3","JobSkillMods: {u'SportPlayer': {}, u'Programmer': {u'Analytical': 1}}","PartnerFireCounts: {}","NeedMods: {}","JobFireCounts: {}","Points: 0","Time: 2","JobPassCounts: {u'WaitStaff': 3}","Round: 37","Money: 44","JobFireCount_Programmer: 2","SkillMods: {u'Analytical': 0, u'Creative': 0, u'Confidence': 0, u'Empathy': 0, u'Physical': 0}","Hobbies: []","JobPayMods: {u'WaitStaff': 0}","Children: []"
"Player: Player3","Decision: {'action': 'pass'}","Type: Action","Round: 37","CurrentStep: night"
"Player: Player3","Decision: {'action': 'pass'}","Type: Action","Round: 38","CurrentStep: morning"
"eventRoll: RelationshipCheckIn","Decision: {'action': 'partnerSearch'}","partnerCheckRes: Tamara - fail","CurrentStep: evening","Decision2: {'action': 'addPartner', 'partnerCard': <__main__.PartnerCard object at 0x024A4D90>}","Player: Player3","firedFromPartner: Tamara","Type: Action","Round: 38"
"Partners: []","TrustTokens: 1","PartnerPassCounts: {}","PartnerSkillMods: {}","Type: GameState","Jobs: [u'Programmer']","Step: night","PlayerCode: Player3","JobSkillMods: {u'SportPlayer': {}, u'Programmer': {u'Analytical': 1}}","PartnerFireCounts: {u'Tamara': 1}","NeedMods: {}","JobFireCounts: {}","Points: 0","Time: 2","JobPassCounts: {u'WaitStaff': 3}","Round: 38","Money: 48","JobFireCount_Programmer: 2","SkillMods: {u'Analytical': 0, u'Creative': 0, u'Confidence': 0, u'Empathy': 0, u'Physical': 0}","Hobbies: []","JobPayMods: {u'WaitStaff': 0}","Children: []"
"Player: Player3","Decision: {'action': 'pass'}","Type: Action","Round: 38","CurrentStep: night"
"Player: Player3","Decision: {'action': 'pass'}","Type: Action","Round: 39","CurrentStep: morning"
"eventRoll: JobCheckIn","Decision: {'action': 'hobbySearch'}","jobCheckRes: Programmer - fail","CurrentStep: evening","Decision2: {'action': 'addHobby', 'hobbyCard': <__main__.HobbyCard object at 0x024A44B0>}","Player: Player3","firedFromJob: Programmer","Type: Action","Round: 39"
"Partners: []","TrustTokens: 1","PartnerPassCounts: {}","PartnerSkillMods: {}","Type: GameState","Jobs: []","Step: night","PlayerCode: Player3","JobSkillMods: {u'SportPlayer': {}, u'Programmer': {}}","PartnerFireCounts: {u'Tamara': 1}","NeedMods: {}","JobFireCounts: {}","Points: 1","Time: 0","JobPassCounts: {u'WaitStaff': 3}","Round: 39","Money: 48","JobFireCount_Programmer: 3","SkillMods: {u'Analytical': 0, u'Creative': 0, u'Confidence': 0, u'Empathy': 0, u'Physical': 0}","Hobbies: []","JobPayMods: {u'WaitStaff': 0}","Children: []"
"Player: Player3","Decision: {'action': 'quitHobby', 'hobbyCard': u'Painting'}","Type: Action","Round: 39","CurrentStep: night"
"Player: Player3","Decision: {'action': 'pass'}","Type: Action","Round: 40","CurrentStep: morning"
"eventRoll: Promotion","Decision: {'action': 'hobbySearch'}","CurrentStep: evening","Decision2: {'action': 'pass'}","Player: Player3","Type: Action","Round: 40"
"Partners: []","TrustTokens: 1","PartnerPassCounts: {}","PartnerSkillMods: {}","Type: GameState","Jobs: []","Step: night","PlayerCode: Player3","JobSkillMods: {u'SportPlayer': {}, u'Programmer': {}}","PartnerFireCounts: {u'Tamara': 1}","NeedMods: {}","JobFireCounts: {}","Points: 1","Time: 0","JobPassCounts: {u'WaitStaff': 3}","Round: 40","Money: 48","JobFireCount_Programmer: 3","SkillMods: {u'Analytical': 0, u'Creative': 0, u'Confidence': 0, u'Empathy': 0, u'Physical': 0}","Hobbies: []","JobPayMods: {u'WaitStaff': 0}","Children: []"
"Player: Player3","Decision: {'action': 'pass'}","Type: Action","Round: 40","CurrentStep: night"
"Player: Player3","Decision: {'action': 'pass'}","Type: Action","Round: 41","CurrentStep: morning"
"eventRoll: StatPlus","Decision: {'action': 'hobbySearch'}","CurrentStep: evening","Decision2: {'action': 'pass'}","Player: Player3","Type: Action","Round: 41"
"Partners: []","TrustTokens: 1","PartnerPassCounts: {}","PartnerSkillMods: {}","Type: GameState","Jobs: []","Step: night","PlayerCode: Player3","JobSkillMods: {u'SportPlayer': {}, u'Programmer': {}}","PartnerFireCounts: {u'Tamara': 1}","NeedMods: {}","JobFireCounts: {}","Points: 1","Time: 0","JobPassCounts: {u'WaitStaff': 3}","Round: 41","Money: 48","JobFireCount_Programmer: 3","SkillMods: {u'Analytical': 0, u'Creative': 0, u'Confidence': 0, u'Empathy': 0, u'Physical': 0}","Hobbies: []","JobPayMods: {u'WaitStaff': 0}","Children: []"
"Player: Player3","Decision: {'action': 'pass'}","Type: Action","Round: 41","CurrentStep: night"
"Player: Player3","Decision: {'action': 'pass'}","Type: Action","Round: 42","CurrentStep: morning"
"eventRoll: FriendFight","Decision: {'action': 'partnerSearch'}","CurrentStep: evening","Decision2: {'action': 'addPartner', 'partnerCard': <__main__.PartnerCard object at 0x024A4BB0>}","Player: Player3","Type: Action","Round: 42"
"Partners: []","TrustTokens: 0","PartnerPassCounts: {}","PartnerSkillMods: {}","Type: GameState","Jobs: []","Step: night","PlayerCode: Player3","JobSkillMods: {u'SportPlayer': {}, u'Programmer': {}}","PartnerFireCounts: {u'Tamara': 1}","NeedMods: {}","JobFireCounts: {}","Points: 1","Time: 0","JobPassCounts: {u'WaitStaff': 3}","Round: 42","Money: 48","JobFireCount_Programmer: 3","SkillMods: {u'Analytical': 0, u'Creative': 0, u'Confidence': 0, u'Empathy': 0, u'Physical': 0}","Hobbies: []","JobPayMods: {u'WaitStaff': 0}","Children: []"
"Player: Player3","Decision: {'action': 'quitPartner', 'partnerCard': u'Santiago'}","Type: Action","Round: 42","CurrentStep: night"
"Player: Player3","Decision: {'action': 'pass'}","Type: Action","Round: 43","CurrentStep: morning"
"eventRoll: RollLoan","Decision: {'action': 'jobSearch'}","CurrentStep: evening","Decision2: {'action': 'addJob', 'jobCard': <__main__.JobCard object at 0x024AF0B0>}","Player: Player3","Type: Action","Round: 43"
"Partners: []","TrustTokens: 0","PartnerPassCounts: {}","PartnerSkillMods: {}","Type: GameState","Jobs: []","Step: night","PlayerCode: Player3","JobSkillMods: {u'SportPlayer': {}, u'Programmer': {}}","PartnerFireCounts: {u'Tamara': 1}","NeedMods: {}","JobFireCounts: {}","Points: 1","Time: 0","JobPassCounts: {u'WaitStaff': 3}","Round: 43","Money: 48","JobFireCount_Programmer: 3","SkillMods: {u'Analytical': 0, u'Creative': 0, u'Confidence': 0, u'Empathy': 0, u'Physical': 0}","Hobbies: []","JobPayMods: {u'WaitStaff': 0}","Children: []"
"Player: Player3","Decision: {'action': 'quitJob', 'jobCard': u'Artist'}","Type: Action","Round: 43","CurrentStep: night"
"Player: Player3","Decision: {'action': 'pass'}","Type: Action","Round: 44","CurrentStep: morning"
"eventRoll: RollLoan","Decision: {'action': 'hobbySearch'}","CurrentStep: evening","Decision2: {'action': 'pass'}","Player: Player3","Type: Action","Round: 44"
"Partners: []","TrustTokens: 0","PartnerPassCounts: {}","PartnerSkillMods: {}","Type: GameState","Jobs: []","Step: night","PlayerCode: Player3","JobSkillMods: {u'SportPlayer': {}, u'Programmer': {}}","PartnerFireCounts: {u'Tamara': 1}","NeedMods: {}","JobFireCounts: {}","Points: 1","Time: 0","JobPassCounts: {u'WaitStaff': 3}","Round: 44","Money: 48","JobFireCount_Programmer: 3","SkillMods: {u'Analytical': 0, u'Creative': 0, u'Confidence': 0, u'Empathy': 0, u'Physical': 0}","Hobbies: []","JobPayMods: {u'WaitStaff': 0}","Children: []"
"Player: Player3","Decision: {'action': 'pass'}","Type: Action","Round: 44","CurrentStep: night"
"Player: Player3","Decision: {'action': 'pass'}","Type: Action","Round: 45","CurrentStep: morning"
"eventRoll: JobCheckIn","Decision: {'action': 'hobbySearch'}","CurrentStep: evening","Decision2: {'action': 'pass'}","Player: Player3","Type: Action","Round: 45"
"Partners: []","TrustTokens: 0","PartnerPassCounts: {}","PartnerSkillMods: {}","Type: GameState","Jobs: []","Step: night","PlayerCode: Player3","JobSkillMods: {u'SportPlayer': {}, u'Programmer': {}}","PartnerFireCounts: {u'Tamara': 1}","NeedMods: {}","JobFireCounts: {}","Points: 1","Time: 0","JobPassCounts: {u'WaitStaff': 3}","Round: 45","Money: 48","JobFireCount_Programmer: 3","SkillMods: {u'Analytical': 0, u'Creative': 0, u'Confidence': 0, u'Empathy': 0, u'Physical': 0}","Hobbies: []","JobPayMods: {u'WaitStaff': 0}","Children: []"
"Player: Player3","Decision: {'action': 'pass'}","Type: Action","Round: 45","CurrentStep: night"
"Player: Player3","Decision: {'action': 'pass'}","Type: Action","Round: 46","CurrentStep: morning"
"eventRoll: Referral","Decision: {'action': 'pass'}","CurrentStep: evening","Player: Player3","Type: Action","Round: 46"
"Partners: []","TrustTokens: 0","PartnerPassCounts: {}","PartnerSkillMods: {}","Type: GameState","Jobs: []","Step: night","PlayerCode: Player3","JobSkillMods: {u'SportPlayer': {}, u'Programmer': {}}","PartnerFireCounts: {u'Tamara': 1}","NeedMods: {}","JobFireCounts: {}","Points: 1","Time: 0","JobPassCounts: {u'WaitStaff': 3}","Round: 46","Money: 48","JobFireCount_Programmer: 3","SkillMods: {u'Analytical': 0, u'Creative': 0, u'Confidence': 0, u'Empathy': 0, u'Physical': 0}","Hobbies: []","JobPayMods: {u'WaitStaff': 0}","Children: []"
"Player: Player3","Decision: {'action': 'pass'}","Type: Action","Round: 46","CurrentStep: night"
"Player: Player3","Decision: {'action': 'pass'}","Type: Action","Round: 47","CurrentStep: morning"
"eventRoll: JobCheckIn","Decision: {'action': 'hobbySearch'}","CurrentStep: evening","Decision2: {'action': 'addHobby', 'hobbyCard': <__main__.HobbyCard object at 0x024A4030>}","Player: Player3","Type: Action","Round: 47"
"Partners: []","TrustTokens: 0","PartnerPassCounts: {}","PartnerSkillMods: {}","Type: GameState","Jobs: []","Step: night","PlayerCode: Player3","JobSkillMods: {u'SportPlayer': {}, u'Programmer': {}}","PartnerFireCounts: {u'Tamara': 1}","NeedMods: {}","JobFireCounts: {}","Points: 1","Time: 0","JobPassCounts: {u'WaitStaff': 3}","Round: 47","Money: 48","JobFireCount_Programmer: 3","SkillMods: {u'Analytical': 0, u'Creative': 0, u'Confidence': 0, u'Empathy': 0, u'Physical': 0}","Hobbies: []","JobPayMods: {u'WaitStaff': 0}","Children: []"
"Player: Player3","Decision: {'action': 'quitHobby', 'hobbyCard': u'Fencing'}","Type: Action","Round: 47","CurrentStep: night"
"Player: Player3","Decision: {'action': 'pass'}","Type: Action","Round: 48","CurrentStep: morning"
"eventRoll: JobCheckIn","Decision: {'action': 'hobbySearch'}","CurrentStep: evening","Decision2: {'action': 'pass'}","Player: Player3","Type: Action","Round: 48"
"Partners: []","TrustTokens: 0","PartnerPassCounts: {}","PartnerSkillMods: {}","Type: GameState","Jobs: []","Step: night","PlayerCode: Player3","JobSkillMods: {u'SportPlayer': {}, u'Programmer': {}}","PartnerFireCounts: {u'Tamara': 1}","NeedMods: {}","JobFireCounts: {}","Points: 1","Time: 0","JobPassCounts: {u'WaitStaff': 3}","Round: 48","Money: 48","JobFireCount_Programmer: 3","SkillMods: {u'Analytical': 0, u'Creative': 0, u'Confidence': 0, u'Empathy': 0, u'Physical': 0}","Hobbies: []","JobPayMods: {u'WaitStaff': 0}","Children: []"
"Player: Player3","Decision: {'action': 'pass'}","Type: Action","Round: 48","CurrentStep: night"
"Player: Player3","Decision: {'action': 'pass'}","Type: Action","Round: 49","CurrentStep: morning"
"eventRoll: JobCheckIn","Decision: {'action': 'jobSearch'}","jobCheckRes: Nurse - fail","CurrentStep: evening","Decision2: {'action': 'addJob', 'jobCard': <__main__.JobCard object at 0x024AAB30>}","Player: Player3","firedFromJob: Nurse","Type: Action","Round: 49"
"Partners: []","TrustTokens: 0","PartnerPassCounts: {}","PartnerSkillMods: {}","Type: GameState","Jobs: []","Step: night","JobFireCount_Nurse: 1","PlayerCode: Player3","JobSkillMods: {u'SportPlayer': {}, u'Programmer': {}}","PartnerFireCounts: {u'Tamara': 1}","NeedMods: {}","JobFireCounts: {}","Points: 1","Time: 0","JobPassCounts: {u'WaitStaff': 3}","Round: 49","Money: 48","JobFireCount_Programmer: 3","SkillMods: {u'Analytical': 0, u'Creative': 0, u'Confidence': 0, u'Empathy': 0, u'Physical': 0}","Hobbies: []","JobPayMods: {u'WaitStaff': 0}","Children: []"
"Player: Player3","Decision: {'action': 'pass'}","Type: Action","Round: 49","CurrentStep: night"
"Player: Player3","Decision: {'action': 'pass'}","Type: Action","Round: 50","CurrentStep: morning"
"eventRoll: JobCheckIn","Decision: {'action': 'pass'}","CurrentStep: evening","Player: Player3","Type: Action","Round: 50"
"Partners: []","TrustTokens: 0","PartnerPassCounts: {}","PartnerSkillMods: {}","Type: GameState","Jobs: []","Step: night","JobFireCount_Nurse: 1","PlayerCode: Player3","JobSkillMods: {u'SportPlayer': {}, u'Programmer': {}}","PartnerFireCounts: {u'Tamara': 1}","NeedMods: {}","JobFireCounts: {}","Points: 1","Time: 0","JobPassCounts: {u'WaitStaff': 3}","Round: 50","Money: 48","JobFireCount_Programmer: 3","SkillMods: {u'Analytical': 0, u'Creative': 0, u'Confidence': 0, u'Empathy': 0, u'Physical': 0}","Hobbies: []","JobPayMods: {u'WaitStaff': 0}","Children: []"
"Player: Player3","Decision: {'action': 'pass'}","Type: Action","Round: 50","CurrentStep: night"
"Player: Player3","Decision: {'action': 'pass'}","Type: Action","Round: 51","CurrentStep: morning"
"eventRoll: RelationshipCheckIn","Decision: {'action': 'partnerSearch'}","partnerCheckRes: Tad - fail","CurrentStep: evening","Decision2: {'action': 'addPartner', 'partnerCard': <__main__.PartnerCard object at 0x024A4730>}","Player: Player3","firedFromPartner: Tad","Type: Action","Round: 51"
"Partners: []","TrustTokens: 0","PartnerPassCounts: {}","PartnerSkillMods: {}","Type: GameState","Jobs: []","Step: night","JobFireCount_Nurse: 1","PlayerCode: Player3","JobSkillMods: {u'SportPlayer': {}, u'Programmer': {}}","PartnerFireCounts: {u'Tad': 1, u'Tamara': 1}","NeedMods: {}","JobFireCounts: {}","Points: 1","Time: 0","JobPassCounts: {u'WaitStaff': 3}","Round: 51","Money: 48","JobFireCount_Programmer: 3","SkillMods: {u'Analytical': 0, u'Creative': 0, u'Confidence': 0, u'Empathy': 0, u'Physical': 0}","Hobbies: []","JobPayMods: {u'WaitStaff': 0}","Children: []"
"Player: Player3","Decision: {'action': 'pass'}","Type: Action","Round: 51","CurrentStep: night"
"Player: Player3","Decision: {'action': 'pass'}","Type: Action","Round: 52","CurrentStep: morning"
"eventRoll: RelativeDeath","Decision: {'action': 'partnerSearch'}","CurrentStep: evening","Decision2: {'action': 'addPartner', 'partnerCard': <__main__.PartnerCard object at 0x024A4AB0>}","Player: Player3","Type: Action","Round: 52"
"Partners: []","TrustTokens: 0","PartnerPassCounts: {}","PartnerSkillMods: {}","Type: GameState","Jobs: []","Step: night","JobFireCount_Nurse: 1","PlayerCode: Player3","JobSkillMods: {u'SportPlayer': {}, u'Programmer': {}}","PartnerFireCounts: {u'Tad': 1, u'Tamara': 1}","NeedMods: {}","JobFireCounts: {}","Points: 1","Time: 0","JobPassCounts: {u'WaitStaff': 3}","Round: 52","Money: 48","JobFireCount_Programmer: 3","SkillMods: {u'Analytical': 0, u'Creative': 0, u'Confidence': 0, u'Empathy': 0, u'Physical': 0}","Hobbies: []","JobPayMods: {u'WaitStaff': 0}","Children: []"
"Player: Player3","Decision: {'action': 'quitPartner', 'partnerCard': u'Sofia'}","Type: Action","Round: 52","CurrentStep: night"
"Player: Player3","Decision: {'action': 'pass'}","Type: Action","Round: 53","CurrentStep: morning"
"eventRoll: JobCheckIn","Decision: {'action': 'pass'}","CurrentStep: evening","Player: Player3","Type: Action","Round: 53"
"Partners: []","TrustTokens: 0","PartnerPassCounts: {}","PartnerSkillMods: {}","Type: GameState","Jobs: []","Step: night","JobFireCount_Nurse: 1","PlayerCode: Player3","JobSkillMods: {u'SportPlayer': {}, u'Programmer': {}}","PartnerFireCounts: {u'Tad': 1, u'Tamara': 1}","NeedMods: {}","JobFireCounts: {}","Points: 1","Time: 0","JobPassCounts: {u'WaitStaff': 3}","Round: 53","Money: 48","JobFireCount_Programmer: 3","SkillMods: {u'Analytical': 0, u'Creative': 0, u'Confidence': 0, u'Empathy': 0, u'Physical': 0}","Hobbies: []","JobPayMods: {u'WaitStaff': 0}","Children: []"
"Player: Player3","Decision: {'action': 'pass'}","Type: Action","Round: 53","CurrentStep: night"
"Player: Player3","Decision: {'action': 'pass'}","Type: Action","Round: 54","CurrentStep: morning"
"eventRoll: RelativeDeath","Decision: {'action': 'pass'}","CurrentStep: evening","Player: Player3","Type: Action","Round: 54"
"Partners: []","TrustTokens: 0","PartnerPassCounts: {}","PartnerSkillMods: {}","Type: GameState","Jobs: []","Step: night","JobFireCount_Nurse: 1","PlayerCode: Player3","JobSkillMods: {u'SportPlayer': {}, u'Programmer': {}}","PartnerFireCounts: {u'Tad': 1, u'Tamara': 1}","NeedMods: {}","JobFireCounts: {}","Points: 1","Time: 0","JobPassCounts: {u'WaitStaff': 3}","Round: 54","Money: 48","JobFireCount_Programmer: 3","SkillMods: {u'Analytical': 0, u'Creative': 0, u'Confidence': 0, u'Empathy': 0, u'Physical': 0}","Hobbies: []","JobPayMods: {u'WaitStaff': 0}","Children: []"
"Player: Player3","Decision: {'action': 'pass'}","Type: Action","Round: 54","CurrentStep: night"
"Player: Player3","Decision: {'action': 'pass'}","Type: Action","Round: 55","CurrentStep: morning"
"eventRoll: RelationshipCheckIn","Decision: {'action': 'partnerSearch'}","partnerCheckRes: Rene - fail","CurrentStep: evening","Decision2: {'action': 'addPartner', 'partnerCard': <__main__.PartnerCard object at 0x024A4CB0>}","Player: Player3","firedFromPartner: Rene","Type: Action","Round: 55"
"Partners: []","TrustTokens: 0","PartnerPassCounts: {}","PartnerSkillMods: {}","Type: GameState","Jobs: []","Step: night","JobFireCount_Nurse: 1","PlayerCode: Player3","JobSkillMods: {u'SportPlayer': {}, u'Programmer': {}}","PartnerFireCounts: {u'Tad': 1, u'Tamara': 1, u'Rene': 1}","NeedMods: {}","JobFireCounts: {}","Points: 1","Time: 0","JobPassCounts: {u'WaitStaff': 3}","Round: 55","Money: 48","JobFireCount_Programmer: 3","SkillMods: {u'Analytical': 0, u'Creative': 0, u'Confidence': 0, u'Empathy': 0, u'Physical': 0}","Hobbies: []","JobPayMods: {u'WaitStaff': 0}","Children: []"
"Player: Player3","Decision: {'action': 'pass'}","Type: Action","Round: 55","CurrentStep: night"
"Player: Player3","Decision: {'action': 'pass'}","Type: Action","Round: 56","CurrentStep: morning"
"eventRoll: Nothing","Decision: {'action': 'pass'}","CurrentStep: evening","Player: Player3","Type: Action","Round: 56"
"Partners: []","TrustTokens: 0","PartnerPassCounts: {}","PartnerSkillMods: {}","Type: GameState","Jobs: []","Step: night","JobFireCount_Nurse: 1","PlayerCode: Player3","JobSkillMods: {u'SportPlayer': {}, u'Programmer': {}}","PartnerFireCounts: {u'Tad': 1, u'Tamara': 1, u'Rene': 1}","NeedMods: {}","JobFireCounts: {}","Points: 1","Time: 0","JobPassCounts: {u'WaitStaff': 3}","Round: 56","Money: 48","JobFireCount_Programmer: 3","SkillMods: {u'Analytical': 0, u'Creative': 0, u'Confidence': 0, u'Empathy': 0, u'Physical': 0}","Hobbies: []","JobPayMods: {u'WaitStaff': 0}","Children: []"
"Player: Player3","Decision: {'action': 'pass'}","Type: Action","Round: 56","CurrentStep: night"
"Player: Player3","Decision: {'action': 'pass'}","Type: Action","Round: 57","CurrentStep: morning"
"eventRoll: Adopt","Decision: {'action': 'pass'}","CurrentStep: evening","Player: Player3","Type: Action","Round: 57"
"Partners: []","TrustTokens: 0","PartnerPassCounts: {}","PartnerSkillMods: {}","Type: GameState","Jobs: []","Step: night","JobFireCount_Nurse: 1","PlayerCode: Player3","JobSkillMods: {u'SportPlayer': {}, u'Programmer': {}}","PartnerFireCounts: {u'Tad': 1, u'Tamara': 1, u'Rene': 1}","NeedMods: {}","JobFireCounts: {}","Points: 1","Time: 0","JobPassCounts: {u'WaitStaff': 3}","Round: 57","Money: 48","JobFireCount_Programmer: 3","SkillMods: {u'Analytical': 0, u'Creative': 0, u'Confidence': 0, u'Empathy': 0, u'Physical': 0}","Hobbies: []","JobPayMods: {u'WaitStaff': 0}","Children: []"
"Player: Player3","Decision: {'action': 'pass'}","Type: Action","Round: 57","CurrentStep: night"
"Player: Player3","Decision: {'action': 'pass'}","Type: Action","Round: 58","CurrentStep: morning"
"eventRoll: FriendFight","Decision: {'action': 'jobSearch'}","CurrentStep: evening","Decision2: {'action': 'pass'}","Player: Player3","Type: Action","Round: 58"
"Partners: []","TrustTokens: 0","PartnerPassCounts: {}","PartnerSkillMods: {}","Type: GameState","Jobs: []","Step: night","JobFireCount_Nurse: 1","PlayerCode: Player3","JobSkillMods: {u'SportPlayer': {}, u'Programmer': {}}","PartnerFireCounts: {u'Tad': 1, u'Tamara': 1, u'Rene': 1}","NeedMods: {}","JobFireCounts: {}","Points: 1","Time: 0","JobPassCounts: {u'WaitStaff': 3}","Round: 58","Money: 48","JobFireCount_Programmer: 3","SkillMods: {u'Analytical': 0, u'Creative': 0, u'Confidence': 0, u'Empathy': 0, u'Physical': 0}","Hobbies: []","JobPayMods: {u'WaitStaff': 0}","Children: []"
"Player: Player3","Decision: {'action': 'pass'}","Type: Action","Round: 58","CurrentStep: night"
"Player: Player3","Decision: {'action': 'pass'}","Type: Action","Round: 59","CurrentStep: morning"
"eventRoll: RelativeDeath","Decision: {'action': 'hobbySearch'}","CurrentStep: evening","Decision2: {'action': 'pass'}","Player: Player3","Type: Action","Round: 59"
"Partners: []","TrustTokens: 0","PartnerPassCounts: {}","PartnerSkillMods: {}","Type: GameState","Jobs: []","Step: night","JobFireCount_Nurse: 1","PlayerCode: Player3","JobSkillMods: {u'SportPlayer': {}, u'Programmer': {}}","PartnerFireCounts: {u'Tad': 1, u'Tamara': 1, u'Rene': 1}","NeedMods: {}","JobFireCounts: {}","Points: 1","Time: 0","JobPassCounts: {u'WaitStaff': 3}","Round: 59","Money: 48","JobFireCount_Programmer: 3","SkillMods: {u'Analytical': 0, u'Creative': 0, u'Confidence': 0, u'Empathy': 0, u'Physical': 0}","Hobbies: []","JobPayMods: {u'WaitStaff': 0}","Children: []"
"Player: Player3","Decision: {'action': 'pass'}","Type: Action","Round: 59","CurrentStep: night"
"Player: Player3","Decision: {'action': 'pass'}","Type: Action","Round: 60","CurrentStep: morning"
"eventRoll: Adopt","Decision: {'action': 'pass'}","CurrentStep: evening","Player: Player3","Type: Action","Round: 60"
"Partners: []","TrustTokens: 0","PartnerPassCounts: {}","PartnerSkillMods: {}","Type: GameState","Jobs: []","Step: night","JobFireCount_Nurse: 1","PlayerCode: Player3","JobSkillMods: {u'SportPlayer': {}, u'Programmer': {}}","PartnerFireCounts: {u'Tad': 1, u'Tamara': 1, u'Rene': 1}","NeedMods: {}","JobFireCounts: {}","Points: 1","Time: 0","JobPassCounts: {u'WaitStaff': 3}","Round: 60","Money: 48","JobFireCount_Programmer: 3","SkillMods: {u'Analytical': 0, u'Creative': 0, u'Confidence': 0, u'Empathy': 0, u'Physical': 0}","Hobbies: []","JobPayMods: {u'WaitStaff': 0}","Children: []"
"Player: Player3","Decision: {'action': 'pass'}","Type: Action","Round: 60","CurrentStep: night"
"Player: Player3","Decision: {'action': 'pass'}","Type: Action","Round: 61","CurrentStep: morning"
"eventRoll: Nothing","Decision: {'action': 'hobbySearch'}","CurrentStep: evening","Decision2: {'action': 'pass'}","Player: Player3","Type: Action","Round: 61"
"Partners: []","TrustTokens: 0","PartnerPassCounts: {}","PartnerSkillMods: {}","Type: GameState","Jobs: []","Step: night","JobFireCount_Nurse: 1","PlayerCode: Player3","JobSkillMods: {u'SportPlayer': {}, u'Programmer': {}}","PartnerFireCounts: {u'Tad': 1, u'Tamara': 1, u'Rene': 1}","NeedMods: {}","JobFireCounts: {}","Points: 1","Time: 0","JobPassCounts: {u'WaitStaff': 3}","Round: 61","Money: 48","JobFireCount_Programmer: 3","SkillMods: {u'Analytical': 0, u'Creative': 0, u'Confidence': 0, u'Empathy': 0, u'Physical': 0}","Hobbies: []","JobPayMods: {u'WaitStaff': 0}","Children: []"
"Player: Player3","Decision: {'action': 'pass'}","Type: Action","Round: 61","CurrentStep: night"
"Player: Player3","Decision: {'action': 'pass'}","Type: Action","Round: 62","CurrentStep: morning"
"eventRoll: JobSkillIncrease","Decision: {'action': 'partnerSearch'}","CurrentStep: evening","Decision2: {'action': 'addPartner', 'partnerCard': <__main__.PartnerCard object at 0x024A4E70>}","Player: Player3","Type: Action","Round: 62"
"Partners: []","TrustTokens: 0","PartnerPassCounts: {}","PartnerSkillMods: {}","Type: GameState","Jobs: []","Step: night","JobFireCount_Nurse: 1","PlayerCode: Player3","JobSkillMods: {u'SportPlayer': {}, u'Programmer': {}}","PartnerFireCounts: {u'Tad': 1, u'Tamara': 1, u'Rene': 1}","NeedMods: {}","JobFireCounts: {}","Points: 1","Time: 0","JobPassCounts: {u'WaitStaff': 3}","Round: 62","Money: 48","JobFireCount_Programmer: 3","SkillMods: {u'Analytical': 0, u'Creative': 0, u'Confidence': 0, u'Empathy': 0, u'Physical': 0}","Hobbies: []","JobPayMods: {u'WaitStaff': 0}","Children: []"
"Player: Player3","Decision: {'action': 'quitPartner', 'partnerCard': u'Manuel'}","Type: Action","Round: 62","CurrentStep: night"
"Player: Player3","Decision: {'action': 'pass'}","Type: Action","Round: 63","CurrentStep: morning"
"eventRoll: JobCheckIn","Decision: {'action': 'partnerSearch'}","CurrentStep: evening","Decision2: {'action': 'addPartner', 'partnerCard': <__main__.PartnerCard object at 0x024A4730>}","Player: Player3","Type: Action","Round: 63"
"Partners: []","TrustTokens: 0","PartnerPassCounts: {}","PartnerSkillMods: {}","Type: GameState","Jobs: []","Step: night","JobFireCount_Nurse: 1","PlayerCode: Player3","JobSkillMods: {u'SportPlayer': {}, u'Programmer': {}}","PartnerFireCounts: {u'Tad': 1, u'Tamara': 1, u'Rene': 1}","NeedMods: {}","JobFireCounts: {}","Points: 1","Time: 0","JobPassCounts: {u'WaitStaff': 3}","Round: 63","Money: 48","JobFireCount_Programmer: 3","SkillMods: {u'Analytical': 0, u'Creative': 0, u'Confidence': 0, u'Empathy': 0, u'Physical': 0}","Hobbies: []","JobPayMods: {u'WaitStaff': 0}","Children: []"
"Player: Player3","Decision: {'action': 'quitPartner', 'partnerCard': u'Tad'}","Type: Action","Round: 63","CurrentStep: night"
"Player: Player3","Decision: {'action': 'pass'}","Type: Action","Round: 64","CurrentStep: morning"
"eventRoll: FriendFight","Decision: {'action': 'jobSearch'}","CurrentStep: evening","Decision2: {'action': 'addJob', 'jobCard': <__main__.JobCard object at 0x024AF1D0>}","Player: Player3","Type: Action","Round: 64"
"Partners: []","TrustTokens: 0","PartnerPassCounts: {}","PartnerSkillMods: {}","Type: GameState","Jobs: [u'Professor']","Step: night","JobFireCount_Nurse: 1","PlayerCode: Player3","JobSkillMods: {u'SportPlayer': {}, u'Programmer': {}}","PartnerFireCounts: {u'Tad': 1, u'Tamara': 1, u'Rene': 1}","NeedMods: {}","JobFireCounts: {}","Points: 1","Time: 2","JobPassCounts: {u'WaitStaff': 3}","Round: 64","Money: 52","JobFireCount_Programmer: 3","SkillMods: {u'Analytical': 0, u'Creative': 0, u'Confidence': 0, u'Empathy': 0, u'Physical': 0}","Hobbies: []","JobPayMods: {u'WaitStaff': 0}","Children: []"
"Player: Player3","Decision: {'action': 'pass'}","Type: Action","Round: 64","CurrentStep: night"
"Player: Player3","Decision: {'action': 'pass'}","Type: Action","Round: 65","CurrentStep: morning"
"eventRoll: StatPlus","Decision: {'action': 'jobSearch'}","CurrentStep: evening","Decision2: {'action': 'pass'}","Player: Player3","Type: Action","Round: 65"
"Partners: []","TrustTokens: 0","PartnerPassCounts: {}","PartnerSkillMods: {}","Type: GameState","Jobs: [u'Professor']","Step: night","JobFireCount_Nurse: 1","PlayerCode: Player3","JobSkillMods: {u'SportPlayer': {}, u'Programmer': {}}","PartnerFireCounts: {u'Tad': 1, u'Tamara': 1, u'Rene': 1}","NeedMods: {}","JobFireCounts: {}","Points: 1","Time: 2","JobPassCounts: {u'WaitStaff': 3}","Round: 65","Money: 56","JobFireCount_Programmer: 3","SkillMods: {u'Analytical': 0, u'Creative': 0, u'Confidence': 0, u'Empathy': 0, u'Physical': 0}","Hobbies: []","JobPayMods: {u'WaitStaff': 0}","Children: []"
"Player: Player3","Decision: {'action': 'pass'}","Type: Action","Round: 65","CurrentStep: night"
"Player: Player3","Decision: {'action': 'pass'}","Type: Action","Round: 66","CurrentStep: morning"
"eventRoll: JobCheckIn","Decision: {'action': 'partnerSearch'}","jobCheckRes: Professor - fail","CurrentStep: evening","Decision2: {'action': 'pass'}","Player: Player3","firedFromJob: Professor","Type: Action","Round: 66"
"Partners: []","TrustTokens: 0","PartnerPassCounts: {}","PartnerSkillMods: {}","Type: GameState","Jobs: []","JobFireCount_Nurse: 1","Step: night","PlayerCode: Player3","JobSkillMods: {u'SportPlayer': {}, u'Programmer': {}}","PartnerFireCounts: {u'Tad': 1, u'Tamara': 1, u'Rene': 1}","NeedMods: {}","JobFireCounts: {}","Points: 1","Time: 0","JobPassCounts: {u'WaitStaff': 3}","Round: 66","Money: 56","JobFireCount_Programmer: 3","JobFireCount_Professor: 1","SkillMods: {u'Analytical': 0, u'Creative': 0, u'Confidence': 0, u'Empathy': 0, u'Physical': 0}","Hobbies: []","JobPayMods: {u'WaitStaff': 0}","Children: []"
"Player: Player3","Decision: {'action': 'pass'}","Type: Action","Round: 66","CurrentStep: night"
"Player: Player3","Decision: {'action': 'pass'}","Type: Action","Round: 67","CurrentStep: morning"
"eventRoll: RelationshipCheckIn","Decision: {'action': 'pass'}","CurrentStep: evening","Player: Player3","Type: Action","Round: 67"
"Partners: []","TrustTokens: 0","PartnerPassCounts: {}","PartnerSkillMods: {}","Type: GameState","Jobs: []","JobFireCount_Nurse: 1","Step: night","PlayerCode: Player3","JobSkillMods: {u'SportPlayer': {}, u'Programmer': {}}","PartnerFireCounts: {u'Tad': 1, u'Tamara': 1, u'Rene': 1}","NeedMods: {}","JobFireCounts: {}","Points: 1","Time: 0","JobPassCounts: {u'WaitStaff': 3}","Round: 67","Money: 56","JobFireCount_Programmer: 3","JobFireCount_Professor: 1","SkillMods: {u'Analytical': 0, u'Creative': 0, u'Confidence': 0, u'Empathy': 0, u'Physical': 0}","Hobbies: []","JobPayMods: {u'WaitStaff': 0}","Children: []"
"Player: Player3","Decision: {'action': 'pass'}","Type: Action","Round: 67","CurrentStep: night"
"Player: Player3","Decision: {'action': 'pass'}","Type: Action","Round: 68","CurrentStep: morning"
"eventRoll: JobCheckIn","Decision: {'action': 'partnerSearch'}","CurrentStep: evening","Decision2: {'action': 'addPartner', 'partnerCard': <__main__.PartnerCard object at 0x024A4D90>}","Player: Player3","Type: Action","Round: 68"
"Partners: []","TrustTokens: 0","PartnerPassCounts: {}","PartnerSkillMods: {}","Type: GameState","Jobs: []","JobFireCount_Nurse: 1","Step: night","PlayerCode: Player3","JobSkillMods: {u'SportPlayer': {}, u'Programmer': {}}","PartnerFireCounts: {u'Tad': 1, u'Tamara': 1, u'Rene': 1}","NeedMods: {}","JobFireCounts: {}","Points: 1","Time: 0","JobPassCounts: {u'WaitStaff': 3}","Round: 68","Money: 56","JobFireCount_Programmer: 3","JobFireCount_Professor: 1","SkillMods: {u'Analytical': 0, u'Creative': 0, u'Confidence': 0, u'Empathy': 0, u'Physical': 0}","Hobbies: []","JobPayMods: {u'WaitStaff': 0}","Children: []"
"Player: Player3","Decision: {'action': 'quitPartner', 'partnerCard': u'Tamara'}","Type: Action","Round: 68","CurrentStep: night"
"Player: Player3","Decision: {'action': 'pass'}","Type: Action","Round: 69","CurrentStep: morning"
"eventRoll: RelationshipCheckIn","Decision: {'action': 'jobSearch'}","CurrentStep: evening","Decision2: {'action': 'addJob', 'jobCard': <__main__.JobCard object at 0x024AF0B0>}","Player: Player3","Type: Action","Round: 69"
"Partners: []","TrustTokens: 0","PartnerPassCounts: {}","PartnerSkillMods: {}","Type: GameState","Jobs: []","JobFireCount_Nurse: 1","Step: night","PlayerCode: Player3","JobSkillMods: {u'SportPlayer': {}, u'Programmer': {}}","PartnerFireCounts: {u'Tad': 1, u'Tamara': 1, u'Rene': 1}","NeedMods: {}","JobFireCounts: {}","Points: 1","Time: 0","JobPassCounts: {u'WaitStaff': 3}","Round: 69","Money: 56","JobFireCount_Programmer: 3","JobFireCount_Professor: 1","SkillMods: {u'Analytical': 0, u'Creative': 0, u'Confidence': 0, u'Empathy': 0, u'Physical': 0}","Hobbies: []","JobPayMods: {u'WaitStaff': 0}","Children: []"
"Player: Player3","Decision: {'action': 'quitJob', 'jobCard': u'Artist'}","Type: Action","Round: 69","CurrentStep: night"
"Player: Player3","Decision: {'action': 'pass'}","Type: Action","Round: 70","CurrentStep: morning"
"eventRoll: JobSkillIncrease","Decision: {'action': 'pass'}","CurrentStep: evening","Player: Player3","Type: Action","Round: 70"
"Partners: []","TrustTokens: 0","PartnerPassCounts: {}","PartnerSkillMods: {}","Type: GameState","Jobs: []","JobFireCount_Nurse: 1","Step: night","PlayerCode: Player3","JobSkillMods: {u'SportPlayer': {}, u'Programmer': {}}","PartnerFireCounts: {u'Tad': 1, u'Tamara': 1, u'Rene': 1}","NeedMods: {}","JobFireCounts: {}","Points: 1","Time: 0","JobPassCounts: {u'WaitStaff': 3}","Round: 70","Money: 56","JobFireCount_Programmer: 3","JobFireCount_Professor: 1","SkillMods: {u'Analytical': 0, u'Creative': 0, u'Confidence': 0, u'Empathy': 0, u'Physical': 0}","Hobbies: []","JobPayMods: {u'WaitStaff': 0}","Children: []"
"Player: Player3","Decision: {'action': 'pass'}","Type: Action","Round: 70","CurrentStep: night"
"Player: Player3","Decision: {'action': 'pass'}","Type: Action","Round: 71","CurrentStep: morning"
"eventRoll: Referral","Decision: {'action': 'jobSearch'}","CurrentStep: evening","Decision2: {'action': 'addJob', 'jobCard': <__main__.JobCard object at 0x024AAB30>}","Player: Player3","Type: Action","Round: 71"
"Partners: []","TrustTokens: 0","PartnerPassCounts: {}","PartnerSkillMods: {}","Type: GameState","Jobs: [u'Nurse']","JobFireCount_Nurse: 1","Step: night","PlayerCode: Player3","JobSkillMods: {u'SportPlayer': {}, u'Programmer': {}}","PartnerFireCounts: {u'Tad': 1, u'Tamara': 1, u'Rene': 1}","NeedMods: {}","JobFireCounts: {}","Points: 1","Time: 2","JobPassCounts: {u'WaitStaff': 3}","Round: 71","Money: 59","JobFireCount_Programmer: 3","JobFireCount_Professor: 1","SkillMods: {u'Analytical': 0, u'Creative': 0, u'Confidence': 0, u'Empathy': 0, u'Physical': 0}","Hobbies: []","JobPayMods: {u'WaitStaff': 0}","Children: []"
"Player: Player3","Decision: {'action': 'pass'}","Type: Action","Round: 71","CurrentStep: night"
"Player: Player3","Decision: {'action': 'pass'}","Type: Action","Round: 72","CurrentStep: morning"
"eventRoll: Referral","Decision: {'action': 'jobSearch'}","CurrentStep: evening","Decision2: {'action': 'addJob', 'jobCard': <__main__.JobCard object at 0x024AAF90>}","Player: Player3","Type: Action","Round: 72"
"Partners: []","TrustTokens: 0","PartnerPassCounts: {}","PartnerSkillMods: {}","Type: GameState","Jobs: [u'Nurse']","JobFireCount_Nurse: 1","Step: night","PlayerCode: Player3","JobSkillMods: {u'SportPlayer': {}, u'Programmer': {}}","PartnerFireCounts: {u'Tad': 1, u'Tamara': 1, u'Rene': 1}","NeedMods: {}","JobFireCounts: {}","Points: 1","Time: 2","JobPassCounts: {u'WaitStaff': 3}","Round: 72","Money: 62","JobFireCount_Programmer: 3","JobFireCount_Professor: 1","SkillMods: {u'Analytical': 0, u'Creative': 0, u'Confidence': 0, u'Empathy': 0, u'Physical': 0}","Hobbies: []","JobPayMods: {u'WaitStaff': 0}","Children: []"
"Player: Player3","Decision: {'action': 'quitJob', 'jobCard': u'Doctor'}","Type: Action","Round: 72","CurrentStep: night"
"Player: Player3","Decision: {'action': 'pass'}","Type: Action","Round: 73","CurrentStep: morning"
"eventRoll: JobCheckIn","Decision: {'action': 'pass'}","jobCheckRes: Nurse - fail","CurrentStep: evening","firedFromJob: Nurse","Player: Player3","Type: Action","Round: 73"
"Partners: []","TrustTokens: 0","PartnerPassCounts: {}","PartnerSkillMods: {}","Type: GameState","Jobs: []","JobFireCount_Nurse: 2","Step: night","PlayerCode: Player3","JobSkillMods: {u'SportPlayer': {}, u'Programmer': {}}","PartnerFireCounts: {u'Tad': 1, u'Tamara': 1, u'Rene': 1}","NeedMods: {}","JobFireCounts: {}","Points: 1","Time: 0","JobPassCounts: {u'WaitStaff': 3}","Round: 73","Money: 62","JobFireCount_Programmer: 3","JobFireCount_Professor: 1","SkillMods: {u'Analytical': 0, u'Creative': 0, u'Confidence': 0, u'Empathy': 0, u'Physical': 0}","Hobbies: []","JobPayMods: {u'WaitStaff': 0}","Children: []"
"Player: Player3","Decision: {'action': 'pass'}","Type: Action","Round: 73","CurrentStep: night"
"Player: Player3","Decision: {'action': 'pass'}","Type: Action","Round: 74","CurrentStep: morning"
"eventRoll: JobCheckIn","Decision: {'action': 'hobbySearch'}","CurrentStep: evening","Decision2: {'action': 'addHobby', 'hobbyCard': <__main__.HobbyCard object at 0x02496E50>}","Player: Player3","Type: Action","Round: 74"
"Partners: []","TrustTokens: 0","PartnerPassCounts: {}","PartnerSkillMods: {}","Type: GameState","Jobs: []","JobFireCount_Nurse: 2","Step: night","PlayerCode: Player3","JobSkillMods: {u'SportPlayer': {}, u'Programmer': {}}","PartnerFireCounts: {u'Tad': 1, u'Tamara': 1, u'Rene': 1}","NeedMods: {}","JobFireCounts: {}","Points: 1","Time: 2","JobPassCounts: {u'WaitStaff': 3}","Round: 74","Money: 62","JobFireCount_Programmer: 3","JobFireCount_Professor: 1","SkillMods: {u'Analytical': 0, u'Creative': 0, u'Confidence': 0, u'Empathy': 0, u'Physical': 0}","Hobbies: [u'Football']","JobPayMods: {u'WaitStaff': 0}","Children: []"
"Player: Player3","Decision: {'action': 'pass'}","Type: Action","Round: 74","CurrentStep: night"
"Player: Player3","Decision: {'action': 'pass'}","Type: Action","Round: 75","CurrentStep: morning"
"eventRoll: Promotion","Decision: {'action': 'partnerSearch'}","CurrentStep: evening","Decision2: {'action': 'addPartner', 'partnerCard': <__main__.PartnerCard object at 0x024A4BB0>}","Player: Player3","Type: Action","Round: 75"
"Partners: [u'Santiago']","TrustTokens: 0","PartnerPassCounts: {}","PartnerSkillMods: {}","Type: GameState","Jobs: []","JobFireCount_Nurse: 2","Step: night","PlayerCode: Player3","JobSkillMods: {u'SportPlayer': {}, u'Programmer': {}}","PartnerFireCounts: {u'Tad': 1, u'Tamara': 1, u'Rene': 1}","NeedMods: {}","JobFireCounts: {}","Points: 2","Time: 2","JobPassCounts: {u'WaitStaff': 3}","Round: 75","Money: 62","JobFireCount_Programmer: 3","JobFireCount_Professor: 1","SkillMods: {u'Analytical': 0, u'Creative': 0, u'Confidence': 0, u'Empathy': 0, u'Physical': 0}","Hobbies: []","JobPayMods: {u'WaitStaff': 0}","Children: []"
"Player: Player3","Decision: {'action': 'quitHobby', 'hobbyCard': u'Football'}","Type: Action","Round: 75","CurrentStep: night"
"Player: Player3","Decision: {'action': 'pass'}","Type: Action","Round: 76","CurrentStep: morning"
"eventRoll: JobSkillIncrease","Decision: {'action': 'pass'}","CurrentStep: evening","Player: Player3","Type: Action","Round: 76"
"Partners: [u'Santiago']","TrustTokens: 0","PartnerPassCounts: {}","PartnerSkillMods: {}","Type: GameState","Jobs: []","JobFireCount_Nurse: 2","Step: night","PlayerCode: Player3","JobSkillMods: {u'SportPlayer': {}, u'Programmer': {}}","PartnerFireCounts: {u'Tad': 1, u'Tamara': 1, u'Rene': 1}","NeedMods: {}","JobFireCounts: {}","Points: 2","Time: 2","JobPassCounts: {u'WaitStaff': 3}","Round: 76","Money: 62","JobFireCount_Programmer: 3","JobFireCount_Professor: 1","SkillMods: {u'Analytical': 0, u'Creative': 0, u'Confidence': 0, u'Empathy': 0, u'Physical': 0}","Hobbies: []","JobPayMods: {u'WaitStaff': 0}","Children: []"
"Player: Player3","Decision: {'action': 'pass'}","Type: Action","Round: 76","CurrentStep: night"
"Player: Player3","Decision: {'action': 'pass'}","Type: Action","Round: 77","CurrentStep: morning"
"eventRoll: RollLoan","Decision: {'action': 'pass'}","CurrentStep: evening","Player: Player3","Type: Action","Round: 77"
"Partners: []","TrustTokens: 0","PartnerPassCounts: {}","PartnerSkillMods: {}","Type: GameState","Jobs: []","JobFireCount_Nurse: 2","Step: night","PlayerCode: Player3","JobSkillMods: {u'SportPlayer': {}, u'Programmer': {}}","PartnerFireCounts: {u'Tad': 1, u'Tamara': 1, u'Rene': 1}","NeedMods: {}","JobFireCounts: {}","Points: 1","Time: 0","JobPassCounts: {u'WaitStaff': 3}","Round: 77","Money: 62","JobFireCount_Programmer: 3","JobFireCount_Professor: 1","SkillMods: {u'Analytical': 0, u'Creative': 0, u'Confidence': 0, u'Empathy': 0, u'Physical': 0}","Hobbies: []","JobPayMods: {u'WaitStaff': 0}","Children: []"
"Player: Player3","Decision: {'action': 'quitPartner', 'partnerCard': u'Santiago'}","Type: Action","Round: 77","CurrentStep: night"
"Player: Player3","Decision: {'action': 'pass'}","Type: Action","Round: 78","CurrentStep: morning"
"eventRoll: Referral","Decision: {'action': 'jobSearch'}","CurrentStep: evening","Decision2: {'action': 'addJob', 'jobCard': <__main__.JobCard object at 0x024AAEB0>}","Player: Player3","Type: Action","Round: 78"
"Partners: []","TrustTokens: 0","PartnerPassCounts: {}","PartnerSkillMods: {}","Type: GameState","Jobs: [u'Programmer']","JobFireCount_Nurse: 2","Step: night","PlayerCode: Player3","JobSkillMods: {u'SportPlayer': {}, u'Programmer': {}}","PartnerFireCounts: {u'Tad': 1, u'Tamara': 1, u'Rene': 1}","NeedMods: {}","JobFireCounts: {}","Points: 0","Time: 2","JobPassCounts: {u'WaitStaff': 3}","Round: 78","Money: 66","JobFireCount_Programmer: 3","JobFireCount_Professor: 1","SkillMods: {u'Analytical': 0, u'Creative': 0, u'Confidence': 0, u'Empathy': 0, u'Physical': 0}","Hobbies: []","JobPayMods: {u'WaitStaff': 0}","Children: []"
"Player: Player3","Decision: {'action': 'pass'}","Type: Action","Round: 78","CurrentStep: night"
"Player: Player3","Decision: {'action': 'pass'}","Type: Action","Round: 79","CurrentStep: morning"
"eventRoll: JobCheckIn","Decision: {'action': 'jobSearch'}","jobCheckRes: Teacher - fail","CurrentStep: evening","Decision2: {'action': 'addJob', 'jobCard': <__main__.JobCard object at 0x024AF270>}","Player: Player3","firedFromJob: Teacher","Type: Action","Round: 79"
"Partners: []","TrustTokens: 0","PartnerPassCounts: {}","JobFireCount_Teacher: 1","PartnerSkillMods: {}","Type: GameState","Jobs: [u'Programmer']","JobFireCount_Nurse: 2","Step: night","PlayerCode: Player3","JobSkillMods: {u'SportPlayer': {}, u'Programmer': {}}","PartnerFireCounts: {u'Tad': 1, u'Tamara': 1, u'Rene': 1}","NeedMods: {}","JobFireCounts: {}","Points: 0","Time: 2","JobPassCounts: {u'WaitStaff': 3}","Round: 79","Money: 70","JobFireCount_Programmer: 3","JobFireCount_Professor: 1","SkillMods: {u'Analytical': 0, u'Creative': 0, u'Confidence': 0, u'Empathy': 0, u'Physical': 0}","Hobbies: []","JobPayMods: {u'WaitStaff': 0}","Children: []"
"Player: Player3","Decision: {'action': 'pass'}","Type: Action","Round: 79","CurrentStep: night"
"Player: Player3","Decision: {'action': 'pass'}","Type: Action","Round: 80","CurrentStep: morning"
"eventRoll: JobCheckIn","Decision: {'action': 'jobSearch'}","jobCheckRes: Programmer - fail","CurrentStep: evening","Decision2: {'action': 'pass'}","Player: Player3","firedFromJob: Programmer","Type: Action","Round: 80"
"Partners: []","TrustTokens: 0","PartnerPassCounts: {}","JobFireCount_Teacher: 1","PartnerSkillMods: {}","Type: GameState","Jobs: []","JobFireCount_Nurse: 2","Step: night","PlayerCode: Player3","JobSkillMods: {u'SportPlayer': {}, u'Programmer': {}}","PartnerFireCounts: {u'Tad': 1, u'Tamara': 1, u'Rene': 1}","NeedMods: {}","JobFireCounts: {}","Points: 1","Time: 0","JobPassCounts: {u'WaitStaff': 3}","Round: 80","Money: 70","JobFireCount_Programmer: 4","JobFireCount_Professor: 1","SkillMods: {u'Analytical': 0, u'Creative': 0, u'Confidence': 0, u'Empathy': 0, u'Physical': 0}","Hobbies: []","JobPayMods: {u'WaitStaff': 0}","Children: []"
"Player: Player3","Decision: {'action': 'pass'}","Type: Action","Round: 80","CurrentStep: night"
"Player: Player3","Decision: {'action': 'pass'}","Type: Action","Round: 81","CurrentStep: morning"
"eventRoll: Nothing","Decision: {'action': 'hobbySearch'}","CurrentStep: evening","Decision2: {'action': 'addHobby', 'hobbyCard': <__main__.HobbyCard object at 0x024A4110>}","Player: Player3","Type: Action","Round: 81"
"Partners: []","TrustTokens: 0","PartnerPassCounts: {}","JobFireCount_Teacher: 1","PartnerSkillMods: {}","Type: GameState","Jobs: []","JobFireCount_Nurse: 2","Step: night","PlayerCode: Player3","JobSkillMods: {u'SportPlayer': {}, u'Programmer': {}}","PartnerFireCounts: {u'Tad': 1, u'Tamara': 1, u'Rene': 1}","NeedMods: {}","JobFireCounts: {}","Points: 3","Time: 2","JobPassCounts: {u'WaitStaff': 3}","Round: 81","Money: 70","JobFireCount_Programmer: 4","JobFireCount_Professor: 1","SkillMods: {u'Analytical': 0, u'Creative': 0, u'Confidence': 0, u'Empathy': 0, u'Physical': 0}","Hobbies: [u'BarHopping']","JobPayMods: {u'WaitStaff': 0}","Children: []"
"Player: Player3","Decision: {'action': 'pass'}","Type: Action","Round: 81","CurrentStep: night"
"Player: Player3","Decision: {'action': 'pass'}","Type: Action","Round: 82","CurrentStep: morning"
"eventRoll: JobCheckIn","Decision: {'action': 'pass'}","CurrentStep: evening","Player: Player3","Type: Action","Round: 82"
"Partners: []","TrustTokens: 0","PartnerPassCounts: {}","JobFireCount_Teacher: 1","PartnerSkillMods: {}","Type: GameState","Jobs: []","JobFireCount_Nurse: 2","Step: night","PlayerCode: Player3","JobSkillMods: {u'SportPlayer': {}, u'Programmer': {}}","PartnerFireCounts: {u'Tad': 1, u'Tamara': 1, u'Rene': 1}","NeedMods: {}","JobFireCounts: {}","Points: 3","Time: 2","JobPassCounts: {u'WaitStaff': 3}","Round: 82","Money: 70","JobFireCount_Programmer: 4","JobFireCount_Professor: 1","SkillMods: {u'Analytical': 0, u'Creative': 0, u'Confidence': 0, u'Empathy': 0, u'Physical': 0}","Hobbies: [u'BarHopping']","JobPayMods: {u'WaitStaff': 0}","Children: []"
"Player: Player3","Decision: {'action': 'pass'}","Type: Action","Round: 82","CurrentStep: night"
"Player: Player3","Decision: {'action': 'pass'}","Type: Action","Round: 83","CurrentStep: morning"
"eventRoll: RelationshipCheckIn","Decision: {'action': 'partnerSearch'}","partnerCheckRes: Tad - fail","CurrentStep: evening","Decision2: {'action': 'addPartner', 'partnerCard': <__main__.PartnerCard object at 0x024A4730>}","Player: Player3","firedFromPartner: Tad","Type: Action","Round: 83"
"Partners: []","TrustTokens: 0","PartnerPassCounts: {}","JobFireCount_Teacher: 1","PartnerSkillMods: {}","Type: GameState","Jobs: []","JobFireCount_Nurse: 2","Step: night","PlayerCode: Player3","JobSkillMods: {u'SportPlayer': {}, u'Programmer': {}}","PartnerFireCounts: {u'Tad': 2, u'Tamara': 1, u'Rene': 1}","NeedMods: {}","JobFireCounts: {}","Points: 1","Time: 0","JobPassCounts: {u'WaitStaff': 3}","Round: 83","Money: 70","JobFireCount_Programmer: 4","JobFireCount_Professor: 1","SkillMods: {u'Analytical': 0, u'Creative': 0, u'Confidence': 0, u'Empathy': 0, u'Physical': 0}","Hobbies: []","JobPayMods: {u'WaitStaff': 0}","Children: []"
"Player: Player3","Decision: {'action': 'quitHobby', 'hobbyCard': u'BarHopping'}","Type: Action","Round: 83","CurrentStep: night"
"Player: Player3","Decision: {'action': 'pass'}","Type: Action","Round: 84","CurrentStep: morning"
"eventRoll: JobCheckIn","Decision: {'action': 'jobSearch'}","jobCheckRes: FireFighter - fail","CurrentStep: evening","Decision2: {'action': 'addJob', 'jobCard': <__main__.JobCard object at 0x024AABD0>}","Player: Player3","firedFromJob: FireFighter","Type: Action","Round: 84"
"Partners: []","TrustTokens: 0","PartnerPassCounts: {}","JobFireCount_Teacher: 1","PartnerSkillMods: {}","Type: GameState","Jobs: []","JobFireCount_Nurse: 2","Step: night","PlayerCode: Player3","JobSkillMods: {u'SportPlayer': {}, u'Programmer': {}}","PartnerFireCounts: {u'Tad': 2, u'Tamara': 1, u'Rene': 1}","NeedMods: {}","JobFireCounts: {}","Points: 1","Time: 0","JobPassCounts: {u'WaitStaff': 3}","Round: 84","Money: 70","JobFireCount_Programmer: 4","JobFireCount_FireFighter: 1","JobFireCount_Professor: 1","SkillMods: {u'Analytical': 0, u'Creative': 0, u'Confidence': 0, u'Empathy': 0, u'Physical': 0}","Hobbies: []","JobPayMods: {u'WaitStaff': 0}","Children: []"
"Player: Player3","Decision: {'action': 'pass'}","Type: Action","Round: 84","CurrentStep: night"
"Player: Player3","Decision: {'action': 'pass'}","Type: Action","Round: 85","CurrentStep: morning"
"eventRoll: Nothing","Decision: {'action': 'hobbySearch'}","CurrentStep: evening","Decision2: {'action': 'pass'}","Player: Player3","Type: Action","Round: 85"
"Partners: []","TrustTokens: 0","PartnerPassCounts: {}","JobFireCount_Teacher: 1","PartnerSkillMods: {}","Type: GameState","Jobs: []","JobFireCount_Nurse: 2","Step: night","PlayerCode: Player3","JobSkillMods: {u'SportPlayer': {}, u'Programmer': {}}","PartnerFireCounts: {u'Tad': 2, u'Tamara': 1, u'Rene': 1}","NeedMods: {}","JobFireCounts: {}","Points: 1","Time: 0","JobPassCounts: {u'WaitStaff': 3}","Round: 85","Money: 70","JobFireCount_Programmer: 4","JobFireCount_FireFighter: 1","JobFireCount_Professor: 1","SkillMods: {u'Analytical': 0, u'Creative': 0, u'Confidence': 0, u'Empathy': 0, u'Physical': 0}","Hobbies: []","JobPayMods: {u'WaitStaff': 0}","Children: []"
"Player: Player3","Decision: {'action': 'pass'}","Type: Action","Round: 85","CurrentStep: night"
"Player: Player3","Decision: {'action': 'pass'}","Type: Action","Round: 86","CurrentStep: morning"
"eventRoll: Nothing","Decision: {'action': 'partnerSearch'}","CurrentStep: evening","Decision2: {'action': 'pass'}","Player: Player3","Type: Action","Round: 86"
"Partners: []","TrustTokens: 0","PartnerPassCounts: {}","JobFireCount_Teacher: 1","PartnerSkillMods: {}","Type: GameState","Jobs: []","JobFireCount_Nurse: 2","Step: night","PlayerCode: Player3","JobSkillMods: {u'SportPlayer': {}, u'Programmer': {}}","PartnerFireCounts: {u'Tad': 2, u'Tamara': 1, u'Rene': 1}","NeedMods: {}","JobFireCounts: {}","Points: 1","Time: 0","JobPassCounts: {u'WaitStaff': 3}","Round: 86","Money: 70","JobFireCount_Programmer: 4","JobFireCount_FireFighter: 1","JobFireCount_Professor: 1","SkillMods: {u'Analytical': 0, u'Creative': 0, u'Confidence': 0, u'Empathy': 0, u'Physical': 0}","Hobbies: []","JobPayMods: {u'WaitStaff': 0}","Children: []"
"Player: Player3","Decision: {'action': 'pass'}","Type: Action","Round: 86","CurrentStep: night"
"Player: Player3","Decision: {'action': 'pass'}","Type: Action","Round: 87","CurrentStep: morning"
"eventRoll: JobSkillIncrease","Decision: {'action': 'partnerSearch'}","CurrentStep: evening","Decision2: {'action': 'pass'}","Player: Player3","Type: Action","Round: 87"
"Partners: []","TrustTokens: 0","PartnerPassCounts: {}","JobFireCount_Teacher: 1","PartnerSkillMods: {}","Type: GameState","Jobs: []","JobFireCount_Nurse: 2","Step: night","PlayerCode: Player3","JobSkillMods: {u'SportPlayer': {}, u'Programmer': {}}","PartnerFireCounts: {u'Tad': 2, u'Tamara': 1, u'Rene': 1}","NeedMods: {}","JobFireCounts: {}","Points: 1","Time: 0","JobPassCounts: {u'WaitStaff': 3}","Round: 87","Money: 70","JobFireCount_Programmer: 4","JobFireCount_FireFighter: 1","JobFireCount_Professor: 1","SkillMods: {u'Analytical': 0, u'Creative': 0, u'Confidence': 0, u'Empathy': 0, u'Physical': 0}","Hobbies: []","JobPayMods: {u'WaitStaff': 0}","Children: []"
"Player: Player3","Decision: {'action': 'pass'}","Type: Action","Round: 87","CurrentStep: night"
"Player: Player3","Decision: {'action': 'pass'}","Type: Action","Round: 88","CurrentStep: morning"
"eventRoll: JobCheckIn","Decision: {'action': 'partnerSearch'}","CurrentStep: evening","Decision2: {'action': 'addPartner', 'partnerCard': <__main__.PartnerCard object at 0x024A4E70>}","Player: Player3","Type: Action","Round: 88"
"Partners: []","TrustTokens: 0","PartnerPassCounts: {}","JobFireCount_Teacher: 1","PartnerSkillMods: {}","Type: GameState","Jobs: []","JobFireCount_Nurse: 2","Step: night","PlayerCode: Player3","JobSkillMods: {u'SportPlayer': {}, u'Programmer': {}}","PartnerFireCounts: {u'Tad': 2, u'Tamara': 1, u'Rene': 1}","NeedMods: {}","JobFireCounts: {}","Points: 1","Time: 0","JobPassCounts: {u'WaitStaff': 3}","Round: 88","Money: 70","JobFireCount_Programmer: 4","JobFireCount_FireFighter: 1","JobFireCount_Professor: 1","SkillMods: {u'Analytical': 0, u'Creative': 0, u'Confidence': 0, u'Empathy': 0, u'Physical': 0}","Hobbies: []","JobPayMods: {u'WaitStaff': 0}","Children: []"
"Player: Player3","Decision: {'action': 'quitPartner', 'partnerCard': u'Manuel'}","Type: Action","Round: 88","CurrentStep: night"
"Player: Player3","Decision: {'action': 'pass'}","Type: Action","Round: 89","CurrentStep: morning"
"eventRoll: Adopt","Decision: {'action': 'pass'}","CurrentStep: evening","Player: Player3","Type: Action","Round: 89"
"Partners: []","TrustTokens: 0","PartnerPassCounts: {}","JobFireCount_Teacher: 1","PartnerSkillMods: {}","Type: GameState","Jobs: []","JobFireCount_Nurse: 2","Step: night","PlayerCode: Player3","JobSkillMods: {u'SportPlayer': {}, u'Programmer': {}}","PartnerFireCounts: {u'Tad': 2, u'Tamara': 1, u'Rene': 1}","NeedMods: {}","JobFireCounts: {}","Points: 1","Time: 0","JobPassCounts: {u'WaitStaff': 3}","Round: 89","Money: 70","JobFireCount_Programmer: 4","JobFireCount_FireFighter: 1","JobFireCount_Professor: 1","SkillMods: {u'Analytical': 0, u'Creative': 0, u'Confidence': 0, u'Empathy': 0, u'Physical': 0}","Hobbies: []","JobPayMods: {u'WaitStaff': 0}","Children: []"
"Player: Player3","Decision: {'action': 'pass'}","Type: Action","Round: 89","CurrentStep: night"
"Player: Player3","Decision: {'action': 'pass'}","Type: Action","Round: 90","CurrentStep: morning"
"eventRoll: UnexpectedChild","Decision: {'action': 'jobSearch'}","CurrentStep: evening","Decision2: {'action': 'pass'}","Player: Player3","Type: Action","Round: 90"
"Partners: []","TrustTokens: 0","PartnerPassCounts: {}","JobFireCount_Teacher: 1","PartnerSkillMods: {}","Type: GameState","Jobs: []","JobFireCount_Nurse: 2","Step: night","PlayerCode: Player3","JobSkillMods: {u'SportPlayer': {}, u'Programmer': {}}","PartnerFireCounts: {u'Tad': 2, u'Tamara': 1, u'Rene': 1}","NeedMods: {}","JobFireCounts: {}","Points: 1","Time: 0","JobPassCounts: {u'WaitStaff': 3}","Round: 90","Money: 70","JobFireCount_Programmer: 4","JobFireCount_FireFighter: 1","JobFireCount_Professor: 1","SkillMods: {u'Analytical': 0, u'Creative': 0, u'Confidence': 0, u'Empathy': 0, u'Physical': 0}","Hobbies: []","JobPayMods: {u'WaitStaff': 0}","Children: []"
"Player: Player3","Decision: {'action': 'pass'}","Type: Action","Round: 90","CurrentStep: night"
"Player: Player3","Decision: {'action': 'pass'}","Type: Action","Round: 91","CurrentStep: morning"
"eventRoll: Nothing","Decision: {'action': 'partnerSearch'}","CurrentStep: evening","Decision2: {'action': 'addPartner', 'partnerCard': <__main__.PartnerCard object at 0x024A4730>}","Player: Player3","Type: Action","Round: 91"
"Partners: []","TrustTokens: 0","PartnerPassCounts: {}","JobFireCount_Teacher: 1","PartnerSkillMods: {}","Type: GameState","Jobs: []","JobFireCount_Nurse: 2","Step: night","PlayerCode: Player3","JobSkillMods: {u'SportPlayer': {}, u'Programmer': {}}","PartnerFireCounts: {u'Tad': 2, u'Tamara': 1, u'Rene': 1}","NeedMods: {}","JobFireCounts: {}","Points: 1","Time: 0","JobPassCounts: {u'WaitStaff': 3}","Round: 91","Money: 70","JobFireCount_Programmer: 4","JobFireCount_FireFighter: 1","JobFireCount_Professor: 1","SkillMods: {u'Analytical': 0, u'Creative': 0, u'Confidence': 0, u'Empathy': 0, u'Physical': 0}","Hobbies: []","JobPayMods: {u'WaitStaff': 0}","Children: []"
"Player: Player3","Decision: {'action': 'quitPartner', 'partnerCard': u'Tad'}","Type: Action","Round: 91","CurrentStep: night"
"Player: Player3","Decision: {'action': 'pass'}","Type: Action","Round: 92","CurrentStep: morning"
"eventRoll: Promotion","Decision: {'action': 'pass'}","CurrentStep: evening","Player: Player3","Type: Action","Round: 92"
"Partners: []","TrustTokens: 0","PartnerPassCounts: {}","JobFireCount_Teacher: 1","PartnerSkillMods: {}","Type: GameState","Jobs: []","JobFireCount_Nurse: 2","Step: night","PlayerCode: Player3","JobSkillMods: {u'SportPlayer': {}, u'Programmer': {}}","PartnerFireCounts: {u'Tad': 2, u'Tamara': 1, u'Rene': 1}","NeedMods: {}","JobFireCounts: {}","Points: 1","Time: 0","JobPassCounts: {u'WaitStaff': 3}","Round: 92","Money: 70","JobFireCount_Programmer: 4","JobFireCount_FireFighter: 1","JobFireCount_Professor: 1","SkillMods: {u'Analytical': 0, u'Creative': 0, u'Confidence': 0, u'Empathy': 0, u'Physical': 0}","Hobbies: []","JobPayMods: {u'WaitStaff': 0}","Children: []"
"Player: Player3","Decision: {'action': 'pass'}","Type: Action","Round: 92","CurrentStep: night"
"Player: Player3","Decision: {'action': 'pass'}","Type: Action","Round: 93","CurrentStep: morning"
"eventRoll: Adopt","Decision: {'action': 'pass'}","CurrentStep: evening","Player: Player3","Type: Action","Round: 93"
"Partners: []","TrustTokens: 0","PartnerPassCounts: {}","JobFireCount_Teacher: 1","PartnerSkillMods: {}","Type: GameState","Jobs: []","JobFireCount_Nurse: 2","Step: night","PlayerCode: Player3","JobSkillMods: {u'SportPlayer': {}, u'Programmer': {}}","PartnerFireCounts: {u'Tad': 2, u'Tamara': 1, u'Rene': 1}","NeedMods: {}","JobFireCounts: {}","Points: 1","Time: 0","JobPassCounts: {u'WaitStaff': 3}","Round: 93","Money: 70","JobFireCount_Programmer: 4","JobFireCount_FireFighter: 1","JobFireCount_Professor: 1","SkillMods: {u'Analytical': 0, u'Creative': 0, u'Confidence': 0, u'Empathy': 0, u'Physical': 0}","Hobbies: []","JobPayMods: {u'WaitStaff': 0}","Children: []"
"Player: Player3","Decision: {'action': 'pass'}","Type: Action","Round: 93","CurrentStep: night"
"Player: Player3","Decision: {'action': 'pass'}","Type: Action","Round: 94","CurrentStep: morning"
"eventRoll: Nothing","Decision: {'action': 'hobbySearch'}","CurrentStep: evening","Decision2: {'action': 'addHobby', 'hobbyCard': <__main__.HobbyCard object at 0x024A44B0>}","Player: Player3","Type: Action","Round: 94"
"Partners: []","TrustTokens: 0","PartnerPassCounts: {}","JobFireCount_Teacher: 1","PartnerSkillMods: {}","Type: GameState","Jobs: []","JobFireCount_Nurse: 2","Step: night","PlayerCode: Player3","JobSkillMods: {u'SportPlayer': {}, u'Programmer': {}}","PartnerFireCounts: {u'Tad': 2, u'Tamara': 1, u'Rene': 1}","NeedMods: {}","JobFireCounts: {}","Points: 1","Time: 2","JobPassCounts: {u'WaitStaff': 3}","Round: 94","Money: 70","JobFireCount_Programmer: 4","JobFireCount_FireFighter: 1","JobFireCount_Professor: 1","SkillMods: {u'Analytical': 0, u'Creative': 0, u'Confidence': 0, u'Empathy': 0, u'Physical': 0}","Hobbies: [u'Painting']","JobPayMods: {u'WaitStaff': 0}","Children: []"
"Player: Player3","Decision: {'action': 'pass'}","Type: Action","Round: 94","CurrentStep: night"
"Player: Player3","Decision: {'action': 'pass'}","Type: Action","Round: 95","CurrentStep: morning"
"eventRoll: RelationshipCheckIn","Decision: {'action': 'pass'}","CurrentStep: evening","Player: Player3","Type: Action","Round: 95"
"Partners: []","TrustTokens: 0","PartnerPassCounts: {}","JobFireCount_Teacher: 1","PartnerSkillMods: {}","Type: GameState","Jobs: []","JobFireCount_Nurse: 2","Step: night","PlayerCode: Player3","JobSkillMods: {u'SportPlayer': {}, u'Programmer': {}}","PartnerFireCounts: {u'Tad': 2, u'Tamara': 1, u'Rene': 1}","NeedMods: {}","JobFireCounts: {}","Points: 1","Time: 2","JobPassCounts: {u'WaitStaff': 3}","Round: 95","Money: 70","JobFireCount_Programmer: 4","JobFireCount_FireFighter: 1","JobFireCount_Professor: 1","SkillMods: {u'Analytical': 0, u'Creative': 0, u'Confidence': 0, u'Empathy': 0, u'Physical': 0}","Hobbies: [u'Painting']","JobPayMods: {u'WaitStaff': 0}","Children: []"
"Player: Player3","Decision: {'action': 'pass'}","Type: Action","Round: 95","CurrentStep: night"
"Player: Player3","Decision: {'action': 'pass'}","Type: Action","Round: 96","CurrentStep: morning"
"eventRoll: JobSkillIncrease","Decision: {'action': 'partnerSearch'}","CurrentStep: evening","Decision2: {'action': 'addPartner', 'partnerCard': <__main__.PartnerCard object at 0x024A49B0>}","Player: Player3","Type: Action","Round: 96"
"Partners: [u'Mohamed']","TrustTokens: 0","PartnerPassCounts: {}","JobFireCount_Teacher: 1","PartnerSkillMods: {}","Type: GameState","Jobs: []","JobFireCount_Nurse: 2","Step: night","PlayerCode: Player3","JobSkillMods: {u'SportPlayer': {}, u'Programmer': {}}","PartnerFireCounts: {u'Tad': 2, u'Tamara': 1, u'Rene': 1}","NeedMods: {}","JobFireCounts: {}","Points: 0","Time: 4","JobPassCounts: {u'WaitStaff': 3}","Round: 96","Money: 70","JobFireCount_Programmer: 4","JobFireCount_FireFighter: 1","JobFireCount_Professor: 1","SkillMods: {u'Analytical': 0, u'Creative': 0, u'Confidence': 0, u'Empathy': 0, u'Physical': 0}","Hobbies: [u'Painting']","JobPayMods: {u'WaitStaff': 0}","Children: []"
"Player: Player3","Decision: {'action': 'pass'}","Type: Action","Round: 96","CurrentStep: night"
"Player: Player3","Decision: {'action': 'pass'}","Type: Action","Round: 97","CurrentStep: morning"
"eventRoll: StatPlus","Decision: {'action': 'pass'}","CurrentStep: evening","Player: Player3","Type: Action","Round: 97"
"Partners: [u'Mohamed']","TrustTokens: 0","PartnerPassCounts: {}","JobFireCount_Teacher: 1","PartnerSkillMods: {}","Type: GameState","Jobs: []","JobFireCount_Nurse: 2","Step: night","PlayerCode: Player3","JobSkillMods: {u'SportPlayer': {}, u'Programmer': {}}","PartnerFireCounts: {u'Tad': 2, u'Tamara': 1, u'Rene': 1}","NeedMods: {}","JobFireCounts: {}","Points: 0","Time: 4","JobPassCounts: {u'WaitStaff': 3}","Round: 97","Money: 70","JobFireCount_Programmer: 4","JobFireCount_FireFighter: 1","JobFireCount_Professor: 1","SkillMods: {u'Analytical': 0, u'Creative': 0, u'Confidence': 0, u'Empathy': 0, u'Physical': 0}","Hobbies: [u'Painting']","JobPayMods: {u'WaitStaff': 0}","Children: []"
"Player: Player3","Decision: {'action': 'pass'}","Type: Action","Round: 97","CurrentStep: night"
"Player: Player3","Decision: {'action': 'pass'}","Type: Action","Round: 98","CurrentStep: morning"
"eventRoll: UnexpectedChild","Decision: {'action': 'pass'}","CurrentStep: evening","Player: Player3","Type: Action","Round: 98"
"Partners: [u'Mohamed']","TrustTokens: 0","PartnerPassCounts: {}","JobFireCount_Teacher: 1","PartnerSkillMods: {}","Type: GameState","Jobs: []","JobFireCount_Nurse: 2","Step: night","PlayerCode: Player3","JobSkillMods: {u'SportPlayer': {}, u'Programmer': {}}","PartnerFireCounts: {u'Tad': 2, u'Tamara': 1, u'Rene': 1}","NeedMods: {}","JobFireCounts: {}","Points: 0","Time: 4","JobPassCounts: {u'WaitStaff': 3}","Round: 98","Money: 70","JobFireCount_Programmer: 4","JobFireCount_FireFighter: 1","JobFireCount_Professor: 1","SkillMods: {u'Analytical': 0, u'Creative': 0, u'Confidence': 0, u'Empathy': 0, u'Physical': 0}","Hobbies: [u'Painting']","JobPayMods: {u'WaitStaff': 0}","Children: []"
"Player: Player3","Decision: {'action': 'pass'}","Type: Action","Round: 98","CurrentStep: night"
"Player: Player3","Decision: {'action': 'pass'}","Type: Action","Round: 99","CurrentStep: morning"
"eventRoll: RelativeDeath","Decision: {'action': 'pass'}","CurrentStep: evening","Player: Player3","Type: Action","Round: 99"
"Partners: []","TrustTokens: 0","PartnerPassCounts: {}","JobFireCount_Teacher: 1","PartnerSkillMods: {}","Type: GameState","Jobs: []","JobFireCount_Nurse: 2","Step: night","PlayerCode: Player3","JobSkillMods: {u'SportPlayer': {}, u'Programmer': {}}","PartnerFireCounts: {u'Tad': 2, u'Tamara': 1, u'Rene': 1}","NeedMods: {}","JobFireCounts: {}","Points: 1","Time: 2","JobPassCounts: {u'WaitStaff': 3}","Round: 99","Money: 70","JobFireCount_Programmer: 4","JobFireCount_FireFighter: 1","JobFireCount_Professor: 1","SkillMods: {u'Analytical': 0, u'Creative': 0, u'Confidence': 0, u'Empathy': 0, u'Physical': 0}","Hobbies: [u'Painting']","JobPayMods: {u'WaitStaff': 0}","Children: []"
"Player: Player3","Decision: {'action': 'quitPartner', 'partnerCard': u'Mohamed'}","Type: Action","Round: 99","CurrentStep: night"
"Player: Player3","Decision: {'action': 'pass'}","Type: Action","Round: 100","CurrentStep: morning"
"eventRoll: RelationshipCheckIn","Decision: {'action': 'jobSearch'}","CurrentStep: evening","Decision2: {'action': 'addJob', 'jobCard': <__main__.JobCard object at 0x024AF270>}","Player: Player3","Type: Action","Round: 100"
"Partners: []","TrustTokens: 0","PartnerPassCounts: {}","JobFireCount_Teacher: 1","PartnerSkillMods: {}","Type: GameState","Jobs: [u'Teacher']","JobFireCount_Nurse: 2","Step: night","PlayerCode: Player3","JobSkillMods: {u'SportPlayer': {}, u'Programmer': {}}","PartnerFireCounts: {u'Tad': 2, u'Tamara': 1, u'Rene': 1}","NeedMods: {}","JobFireCounts: {}","Points: 1","Time: 4","JobPassCounts: {u'WaitStaff': 3}","Round: 100","Money: 72","JobFireCount_Programmer: 4","JobFireCount_FireFighter: 1","JobFireCount_Professor: 1","SkillMods: {u'Analytical': 0, u'Creative': 0, u'Confidence': 0, u'Empathy': 0, u'Physical': 0}","Hobbies: [u'Painting']","JobPayMods: {u'WaitStaff': 0}","Children: []"
